ID,COND,AGE,RT,ACC,TRIAL
ID157,POS,Older,500,Correct,0
ID157,POS,Older,536,Correct,1
ID157,POS,Older,256,Correct,2
ID157,POS,Older,364,Correct,3
ID157,POS,Older,405,Correct,4
ID157,POS,Older,484,Correct,5
ID157,POS,Older,568,Correct,6
ID157,POS,Older,249,Correct,7
ID157,POS,Older,257,Correct,8
ID157,POS,Older,412,Correct,9
ID157,POS,Older,536,Correct,10
ID157,POS,Older,271,Correct,11
ID157,POS,Older,543,Correct,12
ID157,POS,Older,337,Correct,13
ID157,POS,Older,586,Correct,14
ID157,POS,Older,359,Correct,15
ID157,POS,Older,398,Correct,16
ID157,POS,Older,359,Correct,17
ID157,POS,Older,470,Correct,18
ID157,POS,Older,416,Correct,19
ID157,POS,Older,707,Correct,20
ID157,POS,Older,567,Correct,21
ID157,POS,Older,78,Correct,22
ID157,POS,Older,418,Incorrect,23
ID157,POS,Older,201,Correct,24
ID157,POS,Older,469,Correct,25
ID157,POS,Older,385,Correct,26
ID157,POS,Older,696,Correct,27
ID157,POS,Older,520,Correct,28
ID157,POS,Older,404,Correct,29
ID157,POS,Older,519,Correct,30
ID157,POS,Older,323,Correct,31
ID157,POS,Older,428,Correct,32
ID157,POS,Older,546,Correct,33
ID157,POS,Older,91,Correct,34
ID157,POS,Older,363,Correct,35
ID157,POS,Older,523,Correct,36
ID157,POS,Older,468,Correct,37
ID157,POS,Older,454,Correct,38
ID157,POS,Older,411,Correct,39
ID157,POS,Older,328,Correct,40
ID157,POS,Older,421,Incorrect,41
ID157,POS,Older,565,Incorrect,42
ID157,POS,Older,146,Correct,43
ID157,POS,Older,278,Correct,44
ID157,POS,Older,345,Correct,45
ID157,POS,Older,636,Correct,46
ID157,POS,Older,407,Correct,47
ID157,POS,Older,523,Correct,48
ID157,POS,Older,428,Correct,49
