ID,COND,AGE,RT,ACC,TRIAL
ID130,NEG,Younger,585,Correct,0
ID130,NEG,Younger,840,Correct,1
ID130,NEG,Younger,420,Correct,2
ID130,NEG,Younger,192,Correct,3
ID130,NEG,Younger,383,Incorrect,4
ID130,NEG,Younger,732,Correct,5
ID130,NEG,Younger,404,Correct,6
ID130,NEG,Younger,231,Correct,7
ID130,NEG,Younger,555,Incorrect,8
ID130,NEG,Younger,621,Correct,9
ID130,NEG,Younger,161,Correct,10
ID130,NEG,Younger,575,Correct,11
ID130,NEG,Younger,334,Correct,12
ID130,NEG,Younger,466,Correct,13
ID130,NEG,Younger,535,Correct,14
ID130,NEG,Younger,545,Correct,15
ID130,NEG,Younger,730,Correct,16
ID130,NEG,Younger,217,Correct,17
ID130,NEG,Younger,361,Correct,18
ID130,NEG,Younger,429,Correct,19
ID130,NEG,Younger,524,Correct,20
ID130,NEG,Younger,820,Correct,21
ID130,NEG,Younger,410,Incorrect,22
ID130,NEG,Younger,198,Correct,23
ID130,NEG,Younger,288,Correct,24
ID130,NEG,Younger,174,Correct,25
ID130,NEG,Younger,546,Correct,26
ID130,NEG,Younger,473,Correct,27
ID130,NEG,Younger,331,Correct,28
ID130,NEG,Younger,29,Correct,29
ID130,NEG,Younger,278,Correct,30
ID130,NEG,Younger,857,Incorrect,31
ID130,NEG,Younger,551,Correct,32
ID130,NEG,Younger,520,Correct,33
ID130,NEG,Younger,488,Correct,34
ID130,NEG,Younger,376,Correct,35
ID130,NEG,Younger,375,Correct,36
ID130,NEG,Younger,372,Correct,37
ID130,NEG,Younger,377,Correct,38
ID130,NEG,Younger,579,Correct,39
ID130,NEG,Younger,409,Correct,40
ID130,NEG,Younger,538,Correct,41
ID130,NEG,Younger,286,Correct,42
ID130,NEG,Younger,748,Correct,43
ID130,NEG,Younger,441,Correct,44
ID130,NEG,Younger,682,Correct,45
ID130,NEG,Younger,674,Incorrect,46
ID130,NEG,Younger,567,Correct,47
ID130,NEG,Younger,725,Incorrect,48
