ID,COND,AGE,RT,ACC,TRIAL
ID163,POS,Older,421,Correct,0
ID163,POS,Older,497,Correct,1
ID163,POS,Older,174,Correct,2
ID163,POS,Older,263,Correct,3
ID163,POS,Older,296,Correct,4
ID163,POS,Older,807,Correct,5
ID163,POS,Older,599,Correct,6
ID163,POS,Older,323,Correct,7
ID163,POS,Older,394,Correct,8
ID163,POS,Older,374,Incorrect,9
ID163,POS,Older,270,Correct,10
ID163,POS,Older,259,Correct,11
ID163,POS,Older,410,Correct,12
ID163,POS,Older,182,Correct,13
ID163,POS,Older,565,Correct,14
ID163,POS,Older,302,Correct,15
ID163,POS,Older,602,Correct,16
ID163,POS,Older,340,Correct,17
ID163,POS,Older,464,Correct,18
ID163,POS,Older,548,Correct,19
ID163,POS,Older,229,Correct,20
ID163,POS,Older,586,Incorrect,21
ID163,POS,Older,258,Correct,22
ID163,POS,Older,582,Correct,23
ID163,POS,Older,399,Correct,24
ID163,POS,Older,362,Correct,25
ID163,POS,Older,402,Correct,26
ID163,POS,Older,509,Correct,27
ID163,POS,Older,389,Correct,28
ID163,POS,Older,290,Correct,29
ID163,POS,Older,470,Correct,30
ID163,POS,Older,534,Correct,31
ID163,POS,Older,634,Correct,32
ID163,POS,Older,602,Correct,33
ID163,POS,Older,767,Correct,34
ID163,POS,Older,391,Correct,35
ID163,POS,Older,501,Correct,36
ID163,POS,Older,291,Correct,37
ID163,POS,Older,471,Correct,38
ID163,POS,Older,518,Correct,39
ID163,POS,Older,371,Correct,40
ID163,POS,Older,587,Correct,41
ID163,POS,Older,511,Correct,42
ID163,POS,Older,85,Correct,43
ID163,POS,Older,652,Incorrect,44
ID163,POS,Older,342,Correct,45
ID163,POS,Older,418,Correct,46
ID163,POS,Older,571,Correct,47
ID163,POS,Older,307,Correct,48
ID163,POS,Older,578,Correct,49
