ID,COND,AGE,RT,ACC,TRIAL
ID164,POS,Younger,429,Correct,0
ID164,POS,Younger,200,Correct,1
ID164,POS,Younger,495,Correct,2
ID164,POS,Younger,198,Correct,3
ID164,POS,Younger,191,Correct,4
ID164,POS,Younger,551,Correct,5
ID164,POS,Younger,423,Correct,6
ID164,POS,Younger,201,Correct,7
ID164,POS,Younger,319,Correct,8
ID164,POS,Younger,301,Correct,9
ID164,POS,Younger,489,Correct,10
ID164,POS,Younger,133,Correct,11
ID164,POS,Younger,577,Correct,12
ID164,POS,Younger,352,Correct,13
ID164,POS,Younger,517,Correct,14
ID164,POS,Younger,277,Correct,15
ID164,POS,Younger,357,Correct,16
ID164,POS,Younger,488,Correct,17
ID164,POS,Younger,518,Correct,18
ID164,POS,Younger,524,Correct,19
ID164,POS,Younger,593,Correct,20
ID164,POS,Younger,516,Correct,21
ID164,POS,Younger,262,Correct,22
ID164,POS,Younger,153,Correct,23
ID164,POS,Younger,202,Correct,24
ID164,POS,Younger,386,Correct,25
ID164,POS,Younger,408,Correct,26
ID164,POS,Younger,43,Correct,27
ID164,POS,Younger,341,Correct,28
ID164,POS,Younger,400,Correct,29
ID164,POS,Younger,201,Correct,30
ID164,POS,Younger,403,Correct,31
ID164,POS,Younger,481,Correct,32
ID164,POS,Younger,351,Correct,33
ID164,POS,Younger,239,Correct,34
ID164,POS,Younger,525,Correct,35
ID164,POS,Younger,378,Correct,36
ID164,POS,Younger,486,Correct,37
ID164,POS,Younger,161,Correct,38
ID164,POS,Younger,329,Correct,39
ID164,POS,Younger,172,Correct,40
ID164,POS,Younger,445,Correct,41
ID164,POS,Younger,340,Correct,42
ID164,POS,Younger,295,Incorrect,43
ID164,POS,Younger,308,Correct,44
ID164,POS,Younger,218,Correct,45
ID164,POS,Younger,293,Correct,46
ID164,POS,Younger,257,Correct,47
ID164,POS,Younger,171,Correct,48
ID164,POS,Younger,294,Correct,49
