ID,COND,AGE,RT,ACC,TRIAL
ID174,POS,Younger,540,Correct,0
ID174,POS,Younger,451,Correct,1
ID174,POS,Younger,234,Correct,2
ID174,POS,Younger,390,Correct,3
ID174,POS,Younger,208,Correct,4
ID174,POS,Younger,547,Correct,5
ID174,POS,Younger,378,Correct,6
ID174,POS,Younger,257,Correct,7
ID174,POS,Younger,159,Correct,8
ID174,POS,Younger,331,Correct,9
ID174,POS,Younger,295,Correct,10
ID174,POS,Younger,365,Correct,11
ID174,POS,Younger,394,Correct,12
ID174,POS,Younger,132,Correct,13
ID174,POS,Younger,262,Incorrect,14
ID174,POS,Younger,295,Correct,15
ID174,POS,Younger,404,Correct,16
ID174,POS,Younger,540,Correct,17
ID174,POS,Younger,357,Correct,18
ID174,POS,Younger,432,Correct,19
ID174,POS,Younger,323,Correct,20
ID174,POS,Younger,227,Correct,21
ID174,POS,Younger,385,Correct,22
ID174,POS,Younger,371,Correct,23
ID174,POS,Younger,332,Correct,24
ID174,POS,Younger,263,Correct,25
ID174,POS,Younger,403,Correct,26
ID174,POS,Younger,188,Incorrect,27
ID174,POS,Younger,224,Correct,28
ID174,POS,Younger,342,Correct,29
ID174,POS,Younger,348,Correct,30
ID174,POS,Younger,345,Correct,31
ID174,POS,Younger,326,Correct,32
ID174,POS,Younger,355,Correct,33
ID174,POS,Younger,446,Correct,34
ID174,POS,Younger,427,Incorrect,35
ID174,POS,Younger,253,Correct,36
ID174,POS,Younger,419,Correct,37
ID174,POS,Younger,645,Correct,38
ID174,POS,Younger,39,Incorrect,39
ID174,POS,Younger,321,Correct,40
ID174,POS,Younger,407,Correct,41
ID174,POS,Younger,176,Correct,42
ID174,POS,Younger,234,Correct,43
ID174,POS,Younger,343,Incorrect,44
ID174,POS,Younger,265,Correct,45
ID174,POS,Younger,440,Correct,46
ID174,POS,Younger,258,Correct,47
ID174,POS,Younger,648,Correct,48
ID174,POS,Younger,642,Correct,49
