ID,COND,AGE,RT,ACC,TRIAL
ID142,POS,Younger,362,Correct,0
ID142,POS,Younger,564,Incorrect,1
ID142,POS,Younger,175,Correct,2
ID142,POS,Younger,401,Correct,3
ID142,POS,Younger,184,Correct,4
ID142,POS,Younger,366,Correct,5
ID142,POS,Younger,162,Correct,6
ID142,POS,Younger,291,Correct,7
ID142,POS,Younger,139,Correct,8
ID142,POS,Younger,415,Correct,9
ID142,POS,Younger,481,Correct,10
ID142,POS,Younger,329,Correct,11
ID142,POS,Younger,401,Correct,12
ID142,POS,Younger,619,Correct,13
ID142,POS,Younger,229,Correct,14
ID142,POS,Younger,277,Correct,15
ID142,POS,Younger,314,Correct,16
ID142,POS,Younger,340,Correct,17
ID142,POS,Younger,316,Correct,18
ID142,POS,Younger,160,Correct,19
ID142,POS,Younger,347,Correct,20
ID142,POS,Younger,334,Correct,21
ID142,POS,Younger,523,Correct,22
ID142,POS,Younger,395,Correct,23
ID142,POS,Younger,336,Correct,24
ID142,POS,Younger,284,Correct,25
ID142,POS,Younger,467,Correct,26
ID142,POS,Younger,423,Correct,27
ID142,POS,Younger,362,Correct,28
ID142,POS,Younger,275,Correct,29
ID142,POS,Younger,244,Correct,30
ID142,POS,Younger,387,Correct,31
ID142,POS,Younger,537,Correct,32
ID142,POS,Younger,421,Correct,33
ID142,POS,Younger,398,Incorrect,34
ID142,POS,Younger,665,Correct,35
ID142,POS,Younger,392,Correct,36
ID142,POS,Younger,382,Correct,37
ID142,POS,Younger,350,Correct,38
ID142,POS,Younger,264,Correct,39
ID142,POS,Younger,126,Correct,40
ID142,POS,Younger,209,Incorrect,41
ID142,POS,Younger,504,Correct,42
ID142,POS,Younger,578,Correct,43
ID142,POS,Younger,174,Correct,44
ID142,POS,Younger,362,Correct,45
ID142,POS,Younger,663,Incorrect,46
ID142,POS,Younger,149,Correct,47
ID142,POS,Younger,545,Correct,48
ID142,POS,Younger,603,Correct,49
