ID,COND,AGE,RT,ACC,TRIAL
ID175,POS,Older,323,Correct,0
ID175,POS,Older,481,Correct,1
ID175,POS,Older,417,Correct,2
ID175,POS,Older,58,Incorrect,3
ID175,POS,Older,432,Correct,4
ID175,POS,Older,174,Correct,5
ID175,POS,Older,590,Correct,6
ID175,POS,Older,122,Correct,7
ID175,POS,Older,364,Correct,8
ID175,POS,Older,712,Correct,9
ID175,POS,Older,426,Correct,10
ID175,POS,Older,610,Correct,11
ID175,POS,Older,568,Correct,12
ID175,POS,Older,591,Correct,13
ID175,POS,Older,391,Correct,14
ID175,POS,Older,509,Correct,15
ID175,POS,Older,335,Correct,16
ID175,POS,Older,302,Correct,17
ID175,POS,Older,438,Correct,18
ID175,POS,Older,603,Correct,19
ID175,POS,Older,326,Correct,20
ID175,POS,Older,407,Correct,21
ID175,POS,Older,296,Correct,22
ID175,POS,Older,528,Correct,23
ID175,POS,Older,514,Correct,24
ID175,POS,Older,285,Correct,25
ID175,POS,Older,366,Correct,26
ID175,POS,Older,556,Correct,27
ID175,POS,Older,182,Correct,28
ID175,POS,Older,364,Correct,29
ID175,POS,Older,201,Correct,30
ID175,POS,Older,524,Correct,31
ID175,POS,Older,124,Correct,32
ID175,POS,Older,82,Incorrect,33
ID175,POS,Older,436,Correct,34
ID175,POS,Older,433,Incorrect,35
ID175,POS,Older,271,Correct,36
ID175,POS,Older,510,Correct,37
ID175,POS,Older,320,Correct,38
ID175,POS,Older,396,Incorrect,39
ID175,POS,Older,340,Correct,40
ID175,POS,Older,490,Correct,41
ID175,POS,Older,414,Incorrect,42
ID175,POS,Older,587,Correct,43
ID175,POS,Older,291,Correct,44
ID175,POS,Older,709,Correct,45
ID175,POS,Older,667,Correct,46
ID175,POS,Older,514,Correct,47
ID175,POS,Older,267,Correct,48
ID175,POS,Older,476,Incorrect,49
