ID,COND,AGE,RT,ACC,TRIAL
ID121,POS,Older,662,Correct,0
ID121,POS,Older,306,Correct,1
ID121,POS,Older,112,Correct,2
ID121,POS,Older,445,Correct,3
ID121,POS,Older,514,Correct,4
ID121,POS,Older,356,Correct,5
ID121,POS,Older,771,Correct,6
ID121,POS,Older,341,Correct,7
ID121,POS,Older,504,Correct,8
ID121,POS,Older,499,Correct,9
ID121,POS,Older,331,Correct,10
ID121,POS,Older,163,Correct,11
ID121,POS,Older,375,Correct,12
ID121,POS,Older,621,Correct,13
ID121,POS,Older,346,Correct,14
ID121,POS,Older,449,Correct,15
ID121,POS,Older,460,Correct,16
ID121,POS,Older,479,Correct,17
ID121,POS,Older,393,Correct,18
ID121,POS,Older,557,Correct,19
ID121,POS,Older,536,Correct,20
ID121,POS,Older,331,Correct,21
ID121,POS,Older,551,Correct,22
ID121,POS,Older,209,Correct,23
ID121,POS,Older,342,Incorrect,24
ID121,POS,Older,451,Correct,25
ID121,POS,Older,384,Incorrect,26
ID121,POS,Older,664,Correct,27
ID121,POS,Older,452,Correct,28
ID121,POS,Older,502,Correct,29
ID121,POS,Older,301,Correct,30
ID121,POS,Older,237,Correct,31
ID121,POS,Older,603,Correct,32
ID121,POS,Older,323,Correct,33
ID121,POS,Older,796,Correct,34
ID121,POS,Older,726,Correct,35
ID121,POS,Older,185,Correct,36
ID121,POS,Older,183,Correct,37
ID121,POS,Older,543,Correct,38
ID121,POS,Older,224,Correct,39
ID121,POS,Older,450,Correct,40
ID121,POS,Older,312,Incorrect,41
ID121,POS,Older,580,Correct,42
ID121,POS,Older,375,Correct,43
ID121,POS,Older,457,Correct,44
ID121,POS,Older,550,Correct,45
ID121,POS,Older,376,Correct,46
ID121,POS,Older,825,Correct,47
ID121,POS,Older,484,Incorrect,48
ID121,POS,Older,351,Correct,49
