ID,COND,AGE,RT,ACC,TRIAL
ID105,POS,Older,311,Correct,0
ID105,POS,Older,630,Correct,1
ID105,POS,Older,396,Correct,2
ID105,POS,Older,394,Correct,3
ID105,POS,Older,291,Correct,4
ID105,POS,Older,629,Correct,5
ID105,POS,Older,359,Correct,6
ID105,POS,Older,491,Correct,7
ID105,POS,Older,507,Correct,8
ID105,POS,Older,450,Correct,9
ID105,POS,Older,234,Correct,10
ID105,POS,Older,472,Correct,11
ID105,POS,Older,307,Correct,12
ID105,POS,Older,368,Correct,13
ID105,POS,Older,332,Correct,14
ID105,POS,Older,566,Incorrect,15
ID105,POS,Older,354,Incorrect,16
ID105,POS,Older,119,Correct,17
ID105,POS,Older,371,Correct,18
ID105,POS,Older,324,Correct,19
ID105,POS,Older,451,Correct,20
ID105,POS,Older,420,Correct,21
ID105,POS,Older,577,Correct,22
ID105,POS,Older,302,Correct,23
ID105,POS,Older,394,Correct,24
ID105,POS,Older,546,Correct,25
ID105,POS,Older,482,Correct,26
ID105,POS,Older,641,Correct,27
ID105,POS,Older,404,Correct,28
ID105,POS,Older,402,Correct,29
ID105,POS,Older,429,Correct,30
ID105,POS,Older,158,Correct,31
ID105,POS,Older,382,Incorrect,32
ID105,POS,Older,96,Correct,33
ID105,POS,Older,603,Correct,34
ID105,POS,Older,380,Correct,35
ID105,POS,Older,339,Correct,36
ID105,POS,Older,405,Correct,37
ID105,POS,Older,322,Correct,38
ID105,POS,Older,543,Correct,39
ID105,POS,Older,571,Correct,40
ID105,POS,Older,433,Correct,41
ID105,POS,Older,411,Correct,42
ID105,POS,Older,309,Correct,43
ID105,POS,Older,344,Correct,44
ID105,POS,Older,347,Correct,45
ID105,POS,Older,631,Correct,46
ID105,POS,Older,629,Correct,47
ID105,POS,Older,769,Correct,48
ID105,POS,Older,407,Incorrect,49
