ID,COND,AGE,RT,ACC,TRIAL
ID125,POS,Older,373,Correct,0
ID125,POS,Older,651,Correct,1
ID125,POS,Older,282,Correct,2
ID125,POS,Older,305,Correct,3
ID125,POS,Older,467,Correct,4
ID125,POS,Older,656,Correct,5
ID125,POS,Older,453,Correct,6
ID125,POS,Older,492,Correct,7
ID125,POS,Older,388,Correct,8
ID125,POS,Older,657,Correct,9
ID125,POS,Older,474,Correct,10
ID125,POS,Older,643,Correct,11
ID125,POS,Older,337,Correct,12
ID125,POS,Older,470,Correct,13
ID125,POS,Older,561,Correct,14
ID125,POS,Older,344,Correct,15
ID125,POS,Older,588,Correct,16
ID125,POS,Older,288,Correct,17
ID125,POS,Older,583,Correct,18
ID125,POS,Older,658,Correct,19
ID125,POS,Older,521,Correct,20
ID125,POS,Older,530,Correct,21
ID125,POS,Older,659,Correct,22
ID125,POS,Older,520,Correct,23
ID125,POS,Older,537,Correct,24
ID125,POS,Older,332,Correct,25
ID125,POS,Older,304,Correct,26
ID125,POS,Older,438,Correct,27
ID125,POS,Older,132,Correct,28
ID125,POS,Older,333,Correct,29
ID125,POS,Older,307,Correct,30
ID125,POS,Older,558,Correct,31
ID125,POS,Older,580,Incorrect,32
ID125,POS,Older,264,Correct,33
ID125,POS,Older,450,Correct,34
ID125,POS,Older,510,Correct,35
ID125,POS,Older,525,Correct,36
ID125,POS,Older,583,Correct,37
ID125,POS,Older,373,Correct,38
ID125,POS,Older,318,Correct,39
ID125,POS,Older,190,Correct,40
ID125,POS,Older,625,Correct,41
ID125,POS,Older,136,Correct,42
ID125,POS,Older,428,Correct,43
ID125,POS,Older,484,Correct,44
ID125,POS,Older,630,Correct,45
ID125,POS,Older,421,Correct,46
ID125,POS,Older,328,Correct,47
ID125,POS,Older,382,Incorrect,48
ID125,POS,Older,401,Correct,49
