ID,COND,AGE,RT,ACC,TRIAL
ID103,NEG,Older,868,Correct,0
ID103,NEG,Older,740,Correct,1
ID103,NEG,Older,1341,Correct,2
ID103,NEG,Older,437,Correct,3
ID103,NEG,Older,571,Correct,4
ID103,NEG,Older,692,Correct,5
ID103,NEG,Older,425,Correct,6
ID103,NEG,Older,539,Incorrect,7
ID103,NEG,Older,370,Correct,8
ID103,NEG,Older,412,Correct,9
ID103,NEG,Older,683,Correct,10
ID103,NEG,Older,521,Correct,11
ID103,NEG,Older,572,Correct,12
ID103,NEG,Older,1002,Incorrect,13
ID103,NEG,Older,378,Correct,14
ID103,NEG,Older,684,Correct,15
ID103,NEG,Older,486,Correct,16
ID103,NEG,Older,639,Correct,17
ID103,NEG,Older,577,Correct,18
ID103,NEG,Older,795,Incorrect,19
ID103,NEG,Older,1124,Correct,20
ID103,NEG,Older,619,Correct,21
ID103,NEG,Older,406,Correct,22
ID103,NEG,Older,463,Correct,23
ID103,NEG,Older,626,Correct,24
ID103,NEG,Older,770,Correct,25
ID103,NEG,Older,380,Correct,26
ID103,NEG,Older,939,Correct,27
ID103,NEG,Older,261,Correct,28
ID103,NEG,Older,748,Correct,29
ID103,NEG,Older,878,Correct,30
ID103,NEG,Older,882,Correct,31
ID103,NEG,Older,537,Correct,32
ID103,NEG,Older,801,Correct,33
ID103,NEG,Older,693,Correct,34
ID103,NEG,Older,416,Correct,35
ID103,NEG,Older,430,Correct,36
ID103,NEG,Older,406,Incorrect,37
ID103,NEG,Older,560,Correct,38
ID103,NEG,Older,614,Correct,39
ID103,NEG,Older,796,Correct,40
ID103,NEG,Older,405,Correct,41
ID103,NEG,Older,1195,Correct,42
ID103,NEG,Older,890,Correct,43
ID103,NEG,Older,924,Correct,44
ID103,NEG,Older,233,Correct,45
ID103,NEG,Older,433,Correct,46
ID103,NEG,Older,441,Correct,47
ID103,NEG,Older,907,Correct,48
ID103,NEG,Older,865,Incorrect,49
