ID,COND,AGE,RT,ACC,TRIAL
ID107,NEG,Older,639,Correct,0
ID107,NEG,Older,515,Correct,1
ID107,NEG,Older,599,Correct,2
ID107,NEG,Older,578,Correct,3
ID107,NEG,Older,352,Correct,4
ID107,NEG,Older,478,Correct,5
ID107,NEG,Older,221,Correct,6
ID107,NEG,Older,601,Correct,7
ID107,NEG,Older,449,Correct,8
ID107,NEG,Older,640,Correct,9
ID107,NEG,Older,629,Correct,10
ID107,NEG,Older,484,Correct,11
ID107,NEG,Older,404,Correct,12
ID107,NEG,Older,1116,Correct,13
ID107,NEG,Older,743,Correct,14
ID107,NEG,Older,608,Incorrect,15
ID107,NEG,Older,447,Correct,16
ID107,NEG,Older,696,Correct,17
ID107,NEG,Older,485,Correct,18
ID107,NEG,Older,902,Correct,19
ID107,NEG,Older,437,Correct,20
ID107,NEG,Older,265,Correct,21
ID107,NEG,Older,456,Correct,22
ID107,NEG,Older,833,Correct,23
ID107,NEG,Older,886,Correct,24
ID107,NEG,Older,538,Correct,25
ID107,NEG,Older,902,Incorrect,26
ID107,NEG,Older,641,Correct,27
ID107,NEG,Older,879,Correct,28
ID107,NEG,Older,748,Correct,29
ID107,NEG,Older,664,Correct,30
ID107,NEG,Older,644,Correct,31
ID107,NEG,Older,491,Correct,32
ID107,NEG,Older,999,Correct,33
ID107,NEG,Older,520,Correct,34
ID107,NEG,Older,569,Correct,35
ID107,NEG,Older,41,Correct,36
ID107,NEG,Older,809,Correct,37
ID107,NEG,Older,474,Correct,38
ID107,NEG,Older,460,Correct,39
ID107,NEG,Older,821,Correct,40
ID107,NEG,Older,313,Correct,41
ID107,NEG,Older,740,Correct,42
ID107,NEG,Older,249,Correct,43
ID107,NEG,Older,630,Incorrect,44
ID107,NEG,Older,716,Correct,45
ID107,NEG,Older,567,Correct,46
ID107,NEG,Older,412,Correct,47
ID107,NEG,Older,841,Correct,48
ID107,NEG,Older,1124,Correct,49
