ID,COND,AGE,RT,ACC,TRIAL
ID113,POS,Older,537,Correct,0
ID113,POS,Older,368,Correct,1
ID113,POS,Older,368,Correct,2
ID113,POS,Older,276,Correct,3
ID113,POS,Older,333,Correct,4
ID113,POS,Older,597,Correct,5
ID113,POS,Older,244,Correct,6
ID113,POS,Older,389,Correct,7
ID113,POS,Older,495,Correct,8
ID113,POS,Older,920,Correct,9
ID113,POS,Older,453,Correct,10
ID113,POS,Older,684,Correct,11
ID113,POS,Older,321,Correct,12
ID113,POS,Older,366,Correct,13
ID113,POS,Older,453,Correct,14
ID113,POS,Older,302,Incorrect,15
ID113,POS,Older,540,Correct,16
ID113,POS,Older,598,Correct,17
ID113,POS,Older,463,Incorrect,18
ID113,POS,Older,748,Correct,19
ID113,POS,Older,174,Correct,20
ID113,POS,Older,703,Correct,21
ID113,POS,Older,395,Correct,22
ID113,POS,Older,506,Incorrect,23
ID113,POS,Older,503,Correct,24
ID113,POS,Older,234,Correct,25
ID113,POS,Older,332,Correct,26
ID113,POS,Older,358,Correct,27
ID113,POS,Older,637,Correct,28
ID113,POS,Older,249,Correct,29
ID113,POS,Older,528,Correct,30
ID113,POS,Older,414,Correct,31
ID113,POS,Older,436,Correct,32
ID113,POS,Older,186,Correct,33
ID113,POS,Older,365,Correct,34
ID113,POS,Older,342,Correct,35
ID113,POS,Older,610,Correct,36
ID113,POS,Older,615,Correct,37
ID113,POS,Older,582,Correct,38
ID113,POS,Older,436,Correct,39
ID113,POS,Older,325,Correct,40
ID113,POS,Older,300,Correct,41
ID113,POS,Older,302,Correct,42
ID113,POS,Older,685,Correct,43
ID113,POS,Older,405,Correct,44
ID113,POS,Older,527,Correct,45
ID113,POS,Older,501,Correct,46
ID113,POS,Older,283,Correct,47
ID113,POS,Older,244,Correct,48
ID113,POS,Older,399,Correct,49
