ID,COND,AGE,RT,ACC,TRIAL
ID110,POS,Younger,472,Correct,0
ID110,POS,Younger,521,Correct,1
ID110,POS,Younger,128,Correct,2
ID110,POS,Younger,330,Correct,3
ID110,POS,Younger,385,Correct,4
ID110,POS,Younger,285,Correct,5
ID110,POS,Younger,157,Correct,6
ID110,POS,Younger,296,Correct,7
ID110,POS,Younger,431,Correct,8
ID110,POS,Younger,304,Incorrect,9
ID110,POS,Younger,486,Correct,10
ID110,POS,Younger,689,Correct,11
ID110,POS,Younger,431,Correct,12
ID110,POS,Younger,314,Correct,13
ID110,POS,Younger,524,Correct,14
ID110,POS,Younger,271,Correct,15
ID110,POS,Younger,650,Correct,16
ID110,POS,Younger,233,Correct,17
ID110,POS,Younger,446,Correct,18
ID110,POS,Younger,465,Correct,19
ID110,POS,Younger,376,Correct,20
ID110,POS,Younger,599,Correct,21
ID110,POS,Younger,555,Correct,22
ID110,POS,Younger,134,Correct,23
ID110,POS,Younger,469,Correct,24
ID110,POS,Younger,481,Correct,25
ID110,POS,Younger,572,Correct,26
ID110,POS,Younger,314,Correct,27
ID110,POS,Younger,309,Correct,28
ID110,POS,Younger,441,Incorrect,29
ID110,POS,Younger,454,Correct,30
ID110,POS,Younger,425,Correct,31
ID110,POS,Younger,323,Correct,32
ID110,POS,Younger,732,Correct,33
ID110,POS,Younger,294,Incorrect,34
ID110,POS,Younger,434,Correct,35
ID110,POS,Younger,422,Correct,36
ID110,POS,Younger,268,Correct,37
ID110,POS,Younger,297,Correct,38
ID110,POS,Younger,308,Correct,39
ID110,POS,Younger,250,Correct,40
ID110,POS,Younger,263,Correct,41
ID110,POS,Younger,378,Correct,42
ID110,POS,Younger,395,Correct,43
ID110,POS,Younger,395,Correct,44
ID110,POS,Younger,424,Correct,45
ID110,POS,Younger,400,Correct,46
ID110,POS,Younger,229,Incorrect,47
ID110,POS,Younger,122,Correct,48
ID110,POS,Younger,375,Correct,49
