ID,COND,AGE,RT,ACC,TRIAL
ID109,POS,Older,398,Incorrect,0
ID109,POS,Older,441,Correct,1
ID109,POS,Older,425,Incorrect,2
ID109,POS,Older,494,Incorrect,3
ID109,POS,Older,433,Correct,4
ID109,POS,Older,596,Correct,5
ID109,POS,Older,398,Correct,6
ID109,POS,Older,651,Correct,7
ID109,POS,Older,558,Correct,8
ID109,POS,Older,423,Correct,9
ID109,POS,Older,283,Correct,10
ID109,POS,Older,508,Correct,11
ID109,POS,Older,392,Correct,12
ID109,POS,Older,493,Correct,13
ID109,POS,Older,167,Correct,14
ID109,POS,Older,706,Correct,15
ID109,POS,Older,385,Correct,16
ID109,POS,Older,572,Correct,17
ID109,POS,Older,516,Correct,18
ID109,POS,Older,240,Correct,19
ID109,POS,Older,428,Correct,20
ID109,POS,Older,623,Correct,21
ID109,POS,Older,306,Correct,22
ID109,POS,Older,267,Correct,23
ID109,POS,Older,381,Correct,24
ID109,POS,Older,366,Correct,25
ID109,POS,Older,695,Correct,26
ID109,POS,Older,709,Correct,27
ID109,POS,Older,596,Correct,28
ID109,POS,Older,456,Correct,29
ID109,POS,Older,464,Correct,30
ID109,POS,Older,455,Correct,31
ID109,POS,Older,510,Correct,32
ID109,POS,Older,382,Correct,33
ID109,POS,Older,558,Correct,34
ID109,POS,Older,431,Correct,35
ID109,POS,Older,525,Correct,36
ID109,POS,Older,330,Correct,37
ID109,POS,Older,332,Incorrect,38
ID109,POS,Older,551,Correct,39
ID109,POS,Older,319,Correct,40
ID109,POS,Older,422,Correct,41
ID109,POS,Older,537,Correct,42
ID109,POS,Older,553,Incorrect,43
ID109,POS,Older,233,Incorrect,44
ID109,POS,Older,339,Correct,45
ID109,POS,Older,261,Correct,46
ID109,POS,Older,725,Incorrect,47
ID109,POS,Older,285,Correct,48
ID109,POS,Older,464,Correct,49
