ID,COND,AGE,RT,ACC,TRIAL
ID116,POS,Younger,351,Correct,0
ID116,POS,Younger,255,Incorrect,1
ID116,POS,Younger,167,Correct,2
ID116,POS,Younger,224,Correct,3
ID116,POS,Younger,555,Correct,4
ID116,POS,Younger,287,Correct,5
ID116,POS,Younger,607,Correct,6
ID116,POS,Younger,216,Correct,7
ID116,POS,Younger,368,Correct,8
ID116,POS,Younger,62,Correct,9
ID116,POS,Younger,135,Correct,10
ID116,POS,Younger,443,Correct,11
ID116,POS,Younger,584,Correct,12
ID116,POS,Younger,334,Correct,13
ID116,POS,Younger,658,Correct,14
ID116,POS,Younger,468,Correct,15
ID116,POS,Younger,279,Correct,16
ID116,POS,Younger,402,Correct,17
ID116,POS,Younger,66,Correct,18
ID116,POS,Younger,364,Correct,19
ID116,POS,Younger,375,Correct,20
ID116,POS,Younger,254,Correct,21
ID116,POS,Younger,372,Correct,22
ID116,POS,Younger,453,Correct,23
ID116,POS,Younger,434,Correct,24
ID116,POS,Younger,81,Correct,25
ID116,POS,Younger,55,Incorrect,26
ID116,POS,Younger,477,Correct,27
ID116,POS,Younger,255,Correct,28
ID116,POS,Younger,362,Correct,29
ID116,POS,Younger,289,Correct,30
ID116,POS,Younger,322,Correct,31
ID116,POS,Younger,333,Correct,32
ID116,POS,Younger,277,Correct,33
ID116,POS,Younger,307,Correct,34
ID116,POS,Younger,216,Correct,35
ID116,POS,Younger,394,Correct,36
ID116,POS,Younger,554,Correct,37
ID116,POS,Younger,127,Correct,38
ID116,POS,Younger,425,Correct,39
ID116,POS,Younger,347,Correct,40
ID116,POS,Younger,340,Correct,41
ID116,POS,Younger,570,Correct,42
ID116,POS,Younger,397,Correct,43
ID116,POS,Younger,62,Correct,44
ID116,POS,Younger,417,Correct,45
ID116,POS,Younger,202,Correct,46
ID116,POS,Younger,360,Correct,47
ID116,POS,Younger,462,Correct,48
ID116,POS,Younger,333,Correct,49
