ID,COND,AGE,RT,ACC,TRIAL
ID156,POS,Younger,162,Correct,0
ID156,POS,Younger,430,Correct,1
ID156,POS,Younger,215,Correct,2
ID156,POS,Younger,513,Correct,3
ID156,POS,Younger,465,Correct,4
ID156,POS,Younger,450,Correct,5
ID156,POS,Younger,372,Correct,6
ID156,POS,Younger,286,Correct,7
ID156,POS,Younger,323,Correct,8
ID156,POS,Younger,344,Correct,9
ID156,POS,Younger,403,Correct,10
ID156,POS,Younger,237,Correct,11
ID156,POS,Younger,304,Correct,12
ID156,POS,Younger,140,Correct,13
ID156,POS,Younger,561,Correct,14
ID156,POS,Younger,386,Correct,15
ID156,POS,Younger,454,Correct,16
ID156,POS,Younger,423,Correct,17
ID156,POS,Younger,157,Incorrect,18
ID156,POS,Younger,114,Correct,19
ID156,POS,Younger,458,Correct,20
ID156,POS,Younger,144,Correct,21
ID156,POS,Younger,428,Correct,22
ID156,POS,Younger,337,Correct,23
ID156,POS,Younger,311,Correct,24
ID156,POS,Younger,175,Correct,25
ID156,POS,Younger,539,Correct,26
ID156,POS,Younger,414,Correct,27
ID156,POS,Younger,202,Correct,28
ID156,POS,Younger,455,Correct,29
ID156,POS,Younger,335,Correct,30
ID156,POS,Younger,224,Correct,31
ID156,POS,Younger,240,Correct,32
ID156,POS,Younger,316,Correct,33
ID156,POS,Younger,278,Correct,34
ID156,POS,Younger,270,Correct,35
ID156,POS,Younger,406,Correct,36
ID156,POS,Younger,341,Correct,37
ID156,POS,Younger,473,Correct,38
ID156,POS,Younger,400,Correct,39
ID156,POS,Younger,335,Correct,40
ID156,POS,Younger,216,Incorrect,41
ID156,POS,Younger,450,Incorrect,42
ID156,POS,Younger,60,Correct,43
ID156,POS,Younger,391,Correct,44
ID156,POS,Younger,66,Correct,45
ID156,POS,Younger,247,Correct,46
ID156,POS,Younger,306,Correct,47
ID156,POS,Younger,478,Correct,48
ID156,POS,Younger,276,Correct,49
