ID,COND,AGE,RT,ACC,TRIAL
ID118,POS,Younger,346,Correct,0
ID118,POS,Younger,288,Correct,1
ID118,POS,Younger,555,Correct,2
ID118,POS,Younger,232,Correct,3
ID118,POS,Younger,654,Correct,4
ID118,POS,Younger,432,Correct,5
ID118,POS,Younger,275,Incorrect,6
ID118,POS,Younger,386,Correct,7
ID118,POS,Younger,362,Correct,8
ID118,POS,Younger,176,Correct,9
ID118,POS,Younger,305,Correct,10
ID118,POS,Younger,342,Correct,11
ID118,POS,Younger,333,Correct,12
ID118,POS,Younger,480,Correct,13
ID118,POS,Younger,455,Correct,14
ID118,POS,Younger,310,Correct,15
ID118,POS,Younger,478,Correct,16
ID118,POS,Younger,376,Correct,17
ID118,POS,Younger,118,Correct,18
ID118,POS,Younger,507,Correct,19
ID118,POS,Younger,322,Correct,20
ID118,POS,Younger,154,Correct,21
ID118,POS,Younger,337,Correct,22
ID118,POS,Younger,358,Correct,23
ID118,POS,Younger,261,Correct,24
ID118,POS,Younger,450,Correct,25
ID118,POS,Younger,533,Incorrect,26
ID118,POS,Younger,256,Correct,27
ID118,POS,Younger,225,Incorrect,28
ID118,POS,Younger,258,Incorrect,29
ID118,POS,Younger,350,Correct,30
ID118,POS,Younger,391,Correct,31
ID118,POS,Younger,321,Correct,32
ID118,POS,Younger,381,Correct,33
ID118,POS,Younger,249,Correct,34
ID118,POS,Younger,389,Correct,35
ID118,POS,Younger,520,Correct,36
ID118,POS,Younger,366,Correct,37
ID118,POS,Younger,436,Correct,38
ID118,POS,Younger,513,Correct,39
ID118,POS,Younger,303,Correct,40
ID118,POS,Younger,475,Correct,41
ID118,POS,Younger,362,Correct,42
ID118,POS,Younger,211,Correct,43
ID118,POS,Younger,425,Correct,44
ID118,POS,Younger,371,Correct,45
ID118,POS,Younger,417,Correct,46
ID118,POS,Younger,442,Correct,47
ID118,POS,Younger,309,Incorrect,48
ID118,POS,Younger,190,Incorrect,49
