ID,COND,AGE,RT,ACC,TRIAL
ID132,POS,Younger,402,Correct,0
ID132,POS,Younger,411,Correct,1
ID132,POS,Younger,325,Correct,2
ID132,POS,Younger,149,Correct,3
ID132,POS,Younger,133,Correct,4
ID132,POS,Younger,319,Correct,5
ID132,POS,Younger,318,Correct,6
ID132,POS,Younger,470,Correct,7
ID132,POS,Younger,472,Correct,8
ID132,POS,Younger,392,Correct,9
ID132,POS,Younger,245,Correct,10
ID132,POS,Younger,467,Correct,11
ID132,POS,Younger,217,Correct,12
ID132,POS,Younger,438,Correct,13
ID132,POS,Younger,256,Correct,14
ID132,POS,Younger,243,Correct,15
ID132,POS,Younger,260,Correct,16
ID132,POS,Younger,397,Correct,17
ID132,POS,Younger,434,Correct,18
ID132,POS,Younger,353,Correct,19
ID132,POS,Younger,581,Correct,20
ID132,POS,Younger,325,Correct,21
ID132,POS,Younger,325,Correct,22
ID132,POS,Younger,345,Correct,23
ID132,POS,Younger,369,Correct,24
ID132,POS,Younger,356,Correct,25
ID132,POS,Younger,321,Incorrect,26
ID132,POS,Younger,580,Correct,27
ID132,POS,Younger,443,Correct,28
ID132,POS,Younger,480,Correct,29
ID132,POS,Younger,173,Correct,30
ID132,POS,Younger,165,Correct,31
ID132,POS,Younger,308,Correct,32
ID132,POS,Younger,434,Correct,33
ID132,POS,Younger,449,Correct,34
ID132,POS,Younger,621,Correct,35
ID132,POS,Younger,469,Correct,36
ID132,POS,Younger,317,Correct,37
ID132,POS,Younger,419,Correct,38
ID132,POS,Younger,337,Correct,39
ID132,POS,Younger,466,Correct,40
ID132,POS,Younger,514,Correct,41
ID132,POS,Younger,293,Correct,42
ID132,POS,Younger,366,Correct,43
ID132,POS,Younger,301,Correct,44
ID132,POS,Younger,574,Correct,45
ID132,POS,Younger,402,Correct,46
ID132,POS,Younger,325,Correct,47
ID132,POS,Younger,434,Correct,48
ID132,POS,Younger,206,Correct,49
