ID,COND,AGE,RT,ACC,TRIAL
ID141,POS,Older,503,Correct,0
ID141,POS,Older,415,Correct,1
ID141,POS,Older,446,Correct,2
ID141,POS,Older,627,Correct,3
ID141,POS,Older,577,Correct,4
ID141,POS,Older,517,Correct,5
ID141,POS,Older,578,Correct,6
ID141,POS,Older,254,Correct,7
ID141,POS,Older,446,Correct,8
ID141,POS,Older,659,Correct,9
ID141,POS,Older,413,Correct,10
ID141,POS,Older,648,Correct,11
ID141,POS,Older,512,Correct,12
ID141,POS,Older,756,Correct,13
ID141,POS,Older,257,Correct,14
ID141,POS,Older,432,Correct,15
ID141,POS,Older,454,Correct,16
ID141,POS,Older,535,Correct,17
ID141,POS,Older,655,Correct,18
ID141,POS,Older,278,Incorrect,19
ID141,POS,Older,511,Correct,20
ID141,POS,Older,367,Correct,21
ID141,POS,Older,479,Correct,22
ID141,POS,Older,255,Correct,23
ID141,POS,Older,653,Correct,24
ID141,POS,Older,474,Correct,25
ID141,POS,Older,446,Correct,26
ID141,POS,Older,390,Incorrect,27
ID141,POS,Older,401,Correct,28
ID141,POS,Older,453,Correct,29
ID141,POS,Older,510,Correct,30
ID141,POS,Older,505,Incorrect,31
ID141,POS,Older,346,Correct,32
ID141,POS,Older,314,Correct,33
ID141,POS,Older,561,Incorrect,34
ID141,POS,Older,382,Correct,35
ID141,POS,Older,530,Correct,36
ID141,POS,Older,132,Correct,37
ID141,POS,Older,391,Correct,38
ID141,POS,Older,370,Correct,39
ID141,POS,Older,362,Correct,40
ID141,POS,Older,671,Incorrect,41
ID141,POS,Older,196,Correct,42
ID141,POS,Older,277,Correct,43
ID141,POS,Older,695,Correct,44
ID141,POS,Older,261,Correct,45
ID141,POS,Older,393,Correct,46
ID141,POS,Older,570,Correct,47
ID141,POS,Older,537,Correct,48
ID141,POS,Older,498,Correct,49
