ID,COND,AGE,RT,ACC,TRIAL
ID123,POS,Older,728,Correct,0
ID123,POS,Older,333,Correct,1
ID123,POS,Older,692,Correct,2
ID123,POS,Older,243,Correct,3
ID123,POS,Older,461,Correct,4
ID123,POS,Older,431,Correct,5
ID123,POS,Older,509,Correct,6
ID123,POS,Older,354,Incorrect,7
ID123,POS,Older,447,Correct,8
ID123,POS,Older,519,Correct,9
ID123,POS,Older,561,Correct,10
ID123,POS,Older,429,Correct,11
ID123,POS,Older,376,Correct,12
ID123,POS,Older,263,Correct,13
ID123,POS,Older,708,Correct,14
ID123,POS,Older,421,Incorrect,15
ID123,POS,Older,728,Correct,16
ID123,POS,Older,367,Incorrect,17
ID123,POS,Older,680,Correct,18
ID123,POS,Older,413,Correct,19
ID123,POS,Older,753,Correct,20
ID123,POS,Older,342,Correct,21
ID123,POS,Older,501,Correct,22
ID123,POS,Older,234,Correct,23
ID123,POS,Older,580,Correct,24
ID123,POS,Older,353,Correct,25
ID123,POS,Older,226,Correct,26
ID123,POS,Older,124,Correct,27
ID123,POS,Older,223,Correct,28
ID123,POS,Older,375,Correct,29
ID123,POS,Older,403,Correct,30
ID123,POS,Older,337,Correct,31
ID123,POS,Older,201,Correct,32
ID123,POS,Older,732,Correct,33
ID123,POS,Older,499,Correct,34
ID123,POS,Older,458,Correct,35
ID123,POS,Older,409,Correct,36
ID123,POS,Older,316,Correct,37
ID123,POS,Older,543,Correct,38
ID123,POS,Older,222,Correct,39
ID123,POS,Older,422,Correct,40
ID123,POS,Older,506,Correct,41
ID123,POS,Older,366,Correct,42
ID123,POS,Older,472,Incorrect,43
ID123,POS,Older,492,Correct,44
ID123,POS,Older,399,Correct,45
ID123,POS,Older,478,Correct,46
ID123,POS,Older,566,Correct,47
ID123,POS,Older,488,Correct,48
ID123,POS,Older,581,Incorrect,49
