ID,COND,AGE,RT,ACC,TRIAL
ID167,POS,Older,489,Correct,0
ID167,POS,Older,387,Incorrect,1
ID167,POS,Older,172,Correct,2
ID167,POS,Older,252,Correct,3
ID167,POS,Older,432,Correct,4
ID167,POS,Older,279,Correct,5
ID167,POS,Older,363,Correct,6
ID167,POS,Older,82,Incorrect,7
ID167,POS,Older,652,Correct,8
ID167,POS,Older,412,Correct,9
ID167,POS,Older,452,Correct,10
ID167,POS,Older,419,Correct,11
ID167,POS,Older,565,Correct,12
ID167,POS,Older,611,Incorrect,13
ID167,POS,Older,342,Correct,14
ID167,POS,Older,562,Correct,15
ID167,POS,Older,540,Correct,16
ID167,POS,Older,507,Correct,17
ID167,POS,Older,359,Correct,18
ID167,POS,Older,551,Correct,19
ID167,POS,Older,353,Correct,20
ID167,POS,Older,384,Correct,21
ID167,POS,Older,315,Correct,22
ID167,POS,Older,382,Correct,23
ID167,POS,Older,283,Incorrect,24
ID167,POS,Older,508,Incorrect,25
ID167,POS,Older,571,Correct,26
ID167,POS,Older,603,Correct,27
ID167,POS,Older,742,Correct,28
ID167,POS,Older,417,Correct,29
ID167,POS,Older,253,Correct,30
ID167,POS,Older,479,Correct,31
ID167,POS,Older,393,Incorrect,32
ID167,POS,Older,500,Correct,33
ID167,POS,Older,350,Correct,34
ID167,POS,Older,411,Correct,35
ID167,POS,Older,325,Correct,36
ID167,POS,Older,382,Correct,37
ID167,POS,Older,394,Correct,38
ID167,POS,Older,667,Correct,39
ID167,POS,Older,344,Correct,40
ID167,POS,Older,254,Correct,41
ID167,POS,Older,733,Correct,42
ID167,POS,Older,624,Correct,43
ID167,POS,Older,572,Correct,44
ID167,POS,Older,520,Correct,45
ID167,POS,Older,485,Correct,46
ID167,POS,Older,488,Correct,47
ID167,POS,Older,274,Correct,48
ID167,POS,Older,449,Incorrect,49
