ID,COND,AGE,RT,ACC,TRIAL
ID135,POS,Older,323,Correct,0
ID135,POS,Older,673,Correct,1
ID135,POS,Older,411,Correct,2
ID135,POS,Older,465,Correct,3
ID135,POS,Older,646,Correct,4
ID135,POS,Older,570,Correct,5
ID135,POS,Older,274,Correct,6
ID135,POS,Older,481,Correct,7
ID135,POS,Older,410,Correct,8
ID135,POS,Older,350,Correct,9
ID135,POS,Older,464,Correct,10
ID135,POS,Older,520,Correct,11
ID135,POS,Older,316,Correct,12
ID135,POS,Older,500,Correct,13
ID135,POS,Older,514,Correct,14
ID135,POS,Older,482,Correct,15
ID135,POS,Older,593,Correct,16
ID135,POS,Older,359,Correct,17
ID135,POS,Older,363,Correct,18
ID135,POS,Older,324,Correct,19
ID135,POS,Older,492,Correct,20
ID135,POS,Older,544,Correct,21
ID135,POS,Older,469,Correct,22
ID135,POS,Older,284,Correct,23
ID135,POS,Older,547,Correct,24
ID135,POS,Older,307,Correct,25
ID135,POS,Older,600,Correct,26
ID135,POS,Older,368,Correct,27
ID135,POS,Older,544,Correct,28
ID135,POS,Older,676,Correct,29
ID135,POS,Older,241,Correct,30
ID135,POS,Older,717,Correct,31
ID135,POS,Older,620,Incorrect,32
ID135,POS,Older,492,Correct,33
ID135,POS,Older,597,Correct,34
ID135,POS,Older,552,Correct,35
ID135,POS,Older,575,Correct,36
ID135,POS,Older,671,Correct,37
ID135,POS,Older,262,Correct,38
ID135,POS,Older,605,Correct,39
ID135,POS,Older,458,Correct,40
ID135,POS,Older,408,Correct,41
ID135,POS,Older,66,Correct,42
ID135,POS,Older,511,Correct,43
ID135,POS,Older,543,Correct,44
ID135,POS,Older,219,Correct,45
ID135,POS,Older,356,Correct,46
ID135,POS,Older,222,Correct,47
ID135,POS,Older,588,Correct,48
ID135,POS,Older,319,Correct,49
