ID,COND,AGE,RT,ACC,TRIAL
ID134,POS,Younger,507,Correct,0
ID134,POS,Younger,367,Correct,1
ID134,POS,Younger,179,Incorrect,2
ID134,POS,Younger,200,Correct,3
ID134,POS,Younger,398,Correct,4
ID134,POS,Younger,354,Correct,5
ID134,POS,Younger,219,Correct,6
ID134,POS,Younger,319,Correct,7
ID134,POS,Younger,400,Correct,8
ID134,POS,Younger,531,Correct,9
ID134,POS,Younger,248,Correct,10
ID134,POS,Younger,120,Correct,11
ID134,POS,Younger,556,Correct,12
ID134,POS,Younger,320,Correct,13
ID134,POS,Younger,465,Correct,14
ID134,POS,Younger,244,Correct,15
ID134,POS,Younger,397,Correct,16
ID134,POS,Younger,539,Correct,17
ID134,POS,Younger,417,Correct,18
ID134,POS,Younger,234,Correct,19
ID134,POS,Younger,336,Correct,20
ID134,POS,Younger,290,Correct,21
ID134,POS,Younger,417,Correct,22
ID134,POS,Younger,352,Correct,23
ID134,POS,Younger,461,Correct,24
ID134,POS,Younger,73,Correct,25
ID134,POS,Younger,339,Correct,26
ID134,POS,Younger,244,Correct,27
ID134,POS,Younger,277,Correct,28
ID134,POS,Younger,228,Correct,29
ID134,POS,Younger,288,Correct,30
ID134,POS,Younger,408,Correct,31
ID134,POS,Younger,392,Correct,32
ID134,POS,Younger,63,Correct,33
ID134,POS,Younger,241,Correct,34
ID134,POS,Younger,297,Correct,35
ID134,POS,Younger,126,Correct,36
ID134,POS,Younger,312,Correct,37
ID134,POS,Younger,278,Correct,38
ID134,POS,Younger,313,Correct,39
ID134,POS,Younger,273,Correct,40
ID134,POS,Younger,452,Correct,41
ID134,POS,Younger,222,Correct,42
ID134,POS,Younger,317,Correct,43
ID134,POS,Younger,415,Correct,44
ID134,POS,Younger,445,Correct,45
ID134,POS,Younger,529,Correct,46
ID134,POS,Younger,239,Correct,47
ID134,POS,Younger,443,Correct,48
ID134,POS,Younger,281,Correct,49
