ID,COND,AGE,RT,ACC,TRIAL
ID160,POS,Younger,172,Correct,0
ID160,POS,Younger,373,Correct,1
ID160,POS,Younger,536,Correct,2
ID160,POS,Younger,326,Correct,3
ID160,POS,Younger,265,Correct,4
ID160,POS,Younger,399,Correct,5
ID160,POS,Younger,507,Correct,6
ID160,POS,Younger,293,Incorrect,7
ID160,POS,Younger,430,Correct,8
ID160,POS,Younger,303,Correct,9
ID160,POS,Younger,317,Correct,10
ID160,POS,Younger,343,Correct,11
ID160,POS,Younger,287,Correct,12
ID160,POS,Younger,204,Correct,13
ID160,POS,Younger,332,Correct,14
ID160,POS,Younger,409,Correct,15
ID160,POS,Younger,372,Correct,16
ID160,POS,Younger,357,Correct,17
ID160,POS,Younger,241,Correct,18
ID160,POS,Younger,274,Correct,19
ID160,POS,Younger,381,Incorrect,20
ID160,POS,Younger,428,Correct,21
ID160,POS,Younger,393,Correct,22
ID160,POS,Younger,192,Correct,23
ID160,POS,Younger,511,Correct,24
ID160,POS,Younger,354,Correct,25
ID160,POS,Younger,303,Incorrect,26
ID160,POS,Younger,329,Correct,27
ID160,POS,Younger,460,Correct,28
ID160,POS,Younger,443,Correct,29
ID160,POS,Younger,354,Correct,30
ID160,POS,Younger,450,Correct,31
ID160,POS,Younger,206,Correct,32
ID160,POS,Younger,421,Correct,33
ID160,POS,Younger,454,Correct,34
ID160,POS,Younger,259,Correct,35
ID160,POS,Younger,247,Correct,36
ID160,POS,Younger,214,Correct,37
ID160,POS,Younger,272,Correct,38
ID160,POS,Younger,251,Correct,39
ID160,POS,Younger,288,Incorrect,40
ID160,POS,Younger,413,Correct,41
ID160,POS,Younger,328,Correct,42
ID160,POS,Younger,365,Correct,43
ID160,POS,Younger,355,Correct,44
ID160,POS,Younger,248,Correct,45
ID160,POS,Younger,335,Correct,46
ID160,POS,Younger,469,Correct,47
ID160,POS,Younger,527,Correct,48
ID160,POS,Younger,492,Correct,49
