ID,COND,AGE,RT,ACC,TRIAL
ID139,POS,Older,566,Correct,0
ID139,POS,Older,401,Correct,1
ID139,POS,Older,395,Incorrect,2
ID139,POS,Older,520,Incorrect,3
ID139,POS,Older,447,Incorrect,4
ID139,POS,Older,403,Correct,5
ID139,POS,Older,603,Correct,6
ID139,POS,Older,599,Correct,7
ID139,POS,Older,375,Correct,8
ID139,POS,Older,663,Correct,9
ID139,POS,Older,474,Correct,10
ID139,POS,Older,441,Correct,11
ID139,POS,Older,374,Correct,12
ID139,POS,Older,436,Correct,13
ID139,POS,Older,584,Correct,14
ID139,POS,Older,231,Correct,15
ID139,POS,Older,130,Correct,16
ID139,POS,Older,687,Correct,17
ID139,POS,Older,216,Correct,18
ID139,POS,Older,538,Correct,19
ID139,POS,Older,281,Correct,20
ID139,POS,Older,304,Correct,21
ID139,POS,Older,444,Correct,22
ID139,POS,Older,637,Correct,23
ID139,POS,Older,474,Correct,24
ID139,POS,Older,315,Correct,25
ID139,POS,Older,587,Correct,26
ID139,POS,Older,359,Correct,27
ID139,POS,Older,594,Correct,28
ID139,POS,Older,355,Correct,29
ID139,POS,Older,536,Correct,30
ID139,POS,Older,434,Correct,31
ID139,POS,Older,422,Correct,32
ID139,POS,Older,625,Correct,33
ID139,POS,Older,482,Correct,34
ID139,POS,Older,399,Correct,35
ID139,POS,Older,552,Correct,36
ID139,POS,Older,362,Correct,37
ID139,POS,Older,778,Correct,38
ID139,POS,Older,376,Correct,39
ID139,POS,Older,630,Correct,40
ID139,POS,Older,574,Correct,41
ID139,POS,Older,669,Correct,42
ID139,POS,Older,348,Correct,43
ID139,POS,Older,387,Correct,44
ID139,POS,Older,406,Correct,45
ID139,POS,Older,556,Correct,46
ID139,POS,Older,303,Correct,47
ID139,POS,Older,511,Correct,48
ID139,POS,Older,479,Correct,49
