ID,COND,AGE,RT,ACC,TRIAL
ID117,POS,Older,160,Correct,0
ID117,POS,Older,473,Correct,1
ID117,POS,Older,644,Correct,2
ID117,POS,Older,313,Correct,3
ID117,POS,Older,331,Correct,4
ID117,POS,Older,345,Correct,5
ID117,POS,Older,294,Correct,6
ID117,POS,Older,480,Correct,7
ID117,POS,Older,398,Correct,8
ID117,POS,Older,30,Correct,9
ID117,POS,Older,451,Correct,10
ID117,POS,Older,420,Incorrect,11
ID117,POS,Older,256,Correct,12
ID117,POS,Older,478,Correct,13
ID117,POS,Older,333,Correct,14
ID117,POS,Older,163,Correct,15
ID117,POS,Older,483,Correct,16
ID117,POS,Older,365,Correct,17
ID117,POS,Older,699,Correct,18
ID117,POS,Older,581,Correct,19
ID117,POS,Older,344,Correct,20
ID117,POS,Older,257,Correct,21
ID117,POS,Older,346,Correct,22
ID117,POS,Older,197,Correct,23
ID117,POS,Older,86,Correct,24
ID117,POS,Older,480,Correct,25
ID117,POS,Older,321,Correct,26
ID117,POS,Older,257,Correct,27
ID117,POS,Older,535,Correct,28
ID117,POS,Older,390,Correct,29
ID117,POS,Older,13,Correct,30
ID117,POS,Older,574,Correct,31
ID117,POS,Older,408,Correct,32
ID117,POS,Older,476,Correct,33
ID117,POS,Older,454,Correct,34
ID117,POS,Older,467,Incorrect,35
ID117,POS,Older,695,Correct,36
ID117,POS,Older,505,Correct,37
ID117,POS,Older,625,Correct,38
ID117,POS,Older,556,Correct,39
ID117,POS,Older,272,Correct,40
ID117,POS,Older,497,Correct,41
ID117,POS,Older,412,Correct,42
ID117,POS,Older,265,Correct,43
ID117,POS,Older,523,Correct,44
ID117,POS,Older,479,Incorrect,45
ID117,POS,Older,300,Correct,46
ID117,POS,Older,269,Correct,47
