ID,COND,AGE,RT,ACC,TRIAL
ID119,NEG,Older,484,Incorrect,0
ID119,NEG,Older,358,Correct,1
ID119,NEG,Older,649,Correct,2
ID119,NEG,Older,495,Correct,3
ID119,NEG,Older,38,Incorrect,4
ID119,NEG,Older,335,Correct,5
ID119,NEG,Older,863,Correct,6
ID119,NEG,Older,830,Incorrect,7
ID119,NEG,Older,1103,Correct,8
ID119,NEG,Older,258,Correct,9
ID119,NEG,Older,410,Incorrect,10
ID119,NEG,Older,792,Correct,11
ID119,NEG,Older,888,Correct,12
ID119,NEG,Older,482,Correct,13
ID119,NEG,Older,436,Correct,14
ID119,NEG,Older,124,Correct,15
ID119,NEG,Older,381,Correct,16
ID119,NEG,Older,676,Correct,17
ID119,NEG,Older,818,Correct,18
ID119,NEG,Older,528,Correct,19
ID119,NEG,Older,863,Correct,20
ID119,NEG,Older,608,Correct,21
ID119,NEG,Older,927,Correct,22
ID119,NEG,Older,787,Correct,23
ID119,NEG,Older,1061,Incorrect,24
ID119,NEG,Older,1091,Correct,25
ID119,NEG,Older,319,Correct,26
ID119,NEG,Older,863,Correct,27
ID119,NEG,Older,836,Correct,28
ID119,NEG,Older,1039,Correct,29
ID119,NEG,Older,444,Correct,30
ID119,NEG,Older,737,Correct,31
ID119,NEG,Older,676,Correct,32
ID119,NEG,Older,908,Correct,33
ID119,NEG,Older,580,Correct,34
ID119,NEG,Older,552,Correct,35
ID119,NEG,Older,536,Correct,36
ID119,NEG,Older,767,Correct,37
ID119,NEG,Older,328,Incorrect,38
ID119,NEG,Older,984,Incorrect,39
ID119,NEG,Older,958,Correct,40
ID119,NEG,Older,873,Correct,41
ID119,NEG,Older,922,Correct,42
ID119,NEG,Older,715,Correct,43
ID119,NEG,Older,76,Correct,44
ID119,NEG,Older,1422,Correct,45
ID119,NEG,Older,589,Correct,46
ID119,NEG,Older,631,Correct,47
ID119,NEG,Older,690,Correct,48
ID119,NEG,Older,903,Correct,49
