ID,COND,AGE,RT,ACC,TRIAL
ID176,POS,Younger,391,Correct,0
ID176,POS,Younger,414,Correct,1
ID176,POS,Younger,475,Correct,2
ID176,POS,Younger,150,Correct,3
ID176,POS,Younger,558,Correct,4
ID176,POS,Younger,408,Incorrect,5
ID176,POS,Younger,490,Correct,6
ID176,POS,Younger,392,Correct,7
ID176,POS,Younger,238,Correct,8
ID176,POS,Younger,238,Correct,9
ID176,POS,Younger,432,Correct,10
ID176,POS,Younger,283,Correct,11
ID176,POS,Younger,285,Correct,12
ID176,POS,Younger,398,Correct,13
ID176,POS,Younger,289,Correct,14
ID176,POS,Younger,375,Correct,15
ID176,POS,Younger,292,Correct,16
ID176,POS,Younger,253,Correct,17
ID176,POS,Younger,429,Correct,18
ID176,POS,Younger,254,Correct,19
ID176,POS,Younger,351,Correct,20
ID176,POS,Younger,272,Correct,21
ID176,POS,Younger,243,Correct,22
ID176,POS,Younger,455,Correct,23
ID176,POS,Younger,371,Correct,24
ID176,POS,Younger,386,Correct,25
ID176,POS,Younger,287,Correct,26
ID176,POS,Younger,251,Correct,27
ID176,POS,Younger,235,Correct,28
ID176,POS,Younger,411,Correct,29
ID176,POS,Younger,478,Correct,30
ID176,POS,Younger,422,Correct,31
ID176,POS,Younger,551,Correct,32
ID176,POS,Younger,283,Correct,33
ID176,POS,Younger,349,Correct,34
ID176,POS,Younger,424,Correct,35
ID176,POS,Younger,418,Correct,36
ID176,POS,Younger,403,Incorrect,37
ID176,POS,Younger,258,Correct,38
ID176,POS,Younger,386,Correct,39
ID176,POS,Younger,323,Correct,40
ID176,POS,Younger,412,Correct,41
ID176,POS,Younger,419,Correct,42
ID176,POS,Younger,279,Correct,43
ID176,POS,Younger,454,Correct,44
ID176,POS,Younger,206,Correct,45
ID176,POS,Younger,631,Correct,46
ID176,POS,Younger,385,Correct,47
ID176,POS,Younger,646,Correct,48
ID176,POS,Younger,269,Correct,49
