ID,COND,AGE,RT,ACC,TRIAL
ID140,NEG,Younger,304,Correct,0
ID140,NEG,Younger,582,Correct,1
ID140,NEG,Younger,768,Correct,2
ID140,NEG,Younger,46,Correct,3
ID140,NEG,Younger,416,Correct,4
ID140,NEG,Younger,420,Incorrect,5
ID140,NEG,Younger,692,Correct,6
ID140,NEG,Younger,619,Correct,7
ID140,NEG,Younger,352,Correct,8
ID140,NEG,Younger,608,Incorrect,9
ID140,NEG,Younger,757,Correct,10
ID140,NEG,Younger,188,Correct,11
ID140,NEG,Younger,181,Correct,12
ID140,NEG,Younger,918,Incorrect,13
ID140,NEG,Younger,532,Correct,14
ID140,NEG,Younger,540,Correct,15
ID140,NEG,Younger,211,Correct,16
ID140,NEG,Younger,94,Correct,17
ID140,NEG,Younger,392,Correct,18
ID140,NEG,Younger,761,Correct,19
ID140,NEG,Younger,587,Correct,20
ID140,NEG,Younger,185,Correct,21
ID140,NEG,Younger,624,Incorrect,22
ID140,NEG,Younger,424,Correct,23
ID140,NEG,Younger,533,Correct,24
ID140,NEG,Younger,493,Correct,25
ID140,NEG,Younger,349,Correct,26
ID140,NEG,Younger,616,Correct,27
ID140,NEG,Younger,222,Correct,28
ID140,NEG,Younger,235,Correct,29
ID140,NEG,Younger,548,Correct,30
ID140,NEG,Younger,889,Incorrect,31
ID140,NEG,Younger,166,Correct,32
ID140,NEG,Younger,312,Correct,33
ID140,NEG,Younger,603,Correct,34
ID140,NEG,Younger,348,Correct,35
ID140,NEG,Younger,781,Incorrect,36
ID140,NEG,Younger,433,Correct,37
ID140,NEG,Younger,568,Correct,38
ID140,NEG,Younger,411,Correct,39
ID140,NEG,Younger,561,Incorrect,40
ID140,NEG,Younger,570,Correct,41
ID140,NEG,Younger,498,Correct,42
ID140,NEG,Younger,508,Correct,43
ID140,NEG,Younger,459,Correct,44
ID140,NEG,Younger,613,Correct,45
ID140,NEG,Younger,523,Correct,46
ID140,NEG,Younger,485,Correct,47
ID140,NEG,Younger,824,Correct,48
ID140,NEG,Younger,574,Correct,49
