ID,COND,AGE,RT,ACC,TRIAL
ID171,POS,Older,413,Correct,0
ID171,POS,Older,727,Correct,1
ID171,POS,Older,200,Correct,2
ID171,POS,Older,563,Correct,3
ID171,POS,Older,514,Correct,4
ID171,POS,Older,601,Correct,5
ID171,POS,Older,492,Correct,6
ID171,POS,Older,327,Correct,7
ID171,POS,Older,685,Correct,8
ID171,POS,Older,192,Correct,9
ID171,POS,Older,719,Correct,10
ID171,POS,Older,412,Correct,11
ID171,POS,Older,749,Correct,12
ID171,POS,Older,227,Incorrect,13
ID171,POS,Older,410,Correct,14
ID171,POS,Older,480,Correct,15
ID171,POS,Older,305,Correct,16
ID171,POS,Older,301,Correct,17
ID171,POS,Older,291,Correct,18
ID171,POS,Older,407,Correct,19
ID171,POS,Older,709,Correct,20
ID171,POS,Older,636,Correct,21
ID171,POS,Older,246,Correct,22
ID171,POS,Older,526,Incorrect,23
ID171,POS,Older,697,Correct,24
ID171,POS,Older,361,Incorrect,25
ID171,POS,Older,574,Correct,26
ID171,POS,Older,499,Correct,27
ID171,POS,Older,168,Correct,28
ID171,POS,Older,656,Correct,29
ID171,POS,Older,247,Correct,30
ID171,POS,Older,67,Correct,31
ID171,POS,Older,339,Correct,32
ID171,POS,Older,371,Correct,33
ID171,POS,Older,373,Correct,34
ID171,POS,Older,380,Correct,35
ID171,POS,Older,671,Incorrect,36
ID171,POS,Older,232,Correct,37
ID171,POS,Older,409,Correct,38
ID171,POS,Older,554,Correct,39
ID171,POS,Older,280,Correct,40
ID171,POS,Older,425,Correct,41
ID171,POS,Older,472,Correct,42
ID171,POS,Older,605,Correct,43
ID171,POS,Older,942,Correct,44
ID171,POS,Older,853,Incorrect,45
ID171,POS,Older,329,Correct,46
ID171,POS,Older,394,Correct,47
ID171,POS,Older,658,Correct,48
ID171,POS,Older,416,Correct,49
