ID,COND,AGE,RT,ACC,TRIAL
ID120,POS,Younger,425,Correct,0
ID120,POS,Younger,332,Correct,1
ID120,POS,Younger,295,Correct,2
ID120,POS,Younger,103,Correct,3
ID120,POS,Younger,202,Correct,4
ID120,POS,Younger,329,Correct,5
ID120,POS,Younger,304,Correct,6
ID120,POS,Younger,283,Correct,7
ID120,POS,Younger,584,Correct,8
ID120,POS,Younger,416,Correct,9
ID120,POS,Younger,201,Correct,10
ID120,POS,Younger,360,Incorrect,11
ID120,POS,Younger,394,Correct,12
ID120,POS,Younger,328,Correct,13
ID120,POS,Younger,560,Correct,14
ID120,POS,Younger,228,Correct,15
ID120,POS,Younger,254,Correct,16
ID120,POS,Younger,197,Correct,17
ID120,POS,Younger,216,Correct,18
ID120,POS,Younger,450,Correct,19
ID120,POS,Younger,277,Correct,20
ID120,POS,Younger,282,Correct,21
ID120,POS,Younger,458,Correct,22
ID120,POS,Younger,441,Correct,23
ID120,POS,Younger,251,Correct,24
ID120,POS,Younger,359,Correct,25
ID120,POS,Younger,309,Correct,26
ID120,POS,Younger,449,Correct,27
ID120,POS,Younger,453,Incorrect,28
ID120,POS,Younger,466,Correct,29
ID120,POS,Younger,380,Correct,30
ID120,POS,Younger,332,Correct,31
ID120,POS,Younger,93,Correct,32
ID120,POS,Younger,545,Correct,33
ID120,POS,Younger,289,Correct,34
ID120,POS,Younger,437,Correct,35
ID120,POS,Younger,335,Incorrect,36
ID120,POS,Younger,238,Correct,37
ID120,POS,Younger,211,Correct,38
ID120,POS,Younger,290,Correct,39
ID120,POS,Younger,212,Correct,40
ID120,POS,Younger,309,Correct,41
ID120,POS,Younger,260,Correct,42
ID120,POS,Younger,354,Correct,43
ID120,POS,Younger,346,Correct,44
ID120,POS,Younger,260,Correct,45
ID120,POS,Younger,361,Correct,46
ID120,POS,Younger,456,Correct,47
ID120,POS,Younger,159,Correct,48
