ID,COND,AGE,RT,ACC,TRIAL
ID177,NEG,Older,557,Correct,0
ID177,NEG,Older,671,Correct,1
ID177,NEG,Older,691,Correct,2
ID177,NEG,Older,613,Correct,3
ID177,NEG,Older,365,Correct,4
ID177,NEG,Older,495,Correct,5
ID177,NEG,Older,499,Incorrect,6
ID177,NEG,Older,171,Correct,7
ID177,NEG,Older,453,Correct,8
ID177,NEG,Older,509,Correct,9
ID177,NEG,Older,310,Correct,10
ID177,NEG,Older,692,Correct,11
ID177,NEG,Older,1061,Correct,12
ID177,NEG,Older,453,Correct,13
ID177,NEG,Older,71,Correct,14
ID177,NEG,Older,518,Correct,15
ID177,NEG,Older,598,Correct,16
ID177,NEG,Older,1005,Correct,17
ID177,NEG,Older,844,Correct,18
ID177,NEG,Older,955,Correct,19
ID177,NEG,Older,554,Correct,20
ID177,NEG,Older,468,Incorrect,21
ID177,NEG,Older,992,Correct,22
ID177,NEG,Older,489,Correct,23
ID177,NEG,Older,685,Incorrect,24
ID177,NEG,Older,374,Correct,25
ID177,NEG,Older,449,Correct,26
ID177,NEG,Older,607,Correct,27
ID177,NEG,Older,363,Correct,28
ID177,NEG,Older,798,Correct,29
ID177,NEG,Older,618,Correct,30
ID177,NEG,Older,355,Correct,31
ID177,NEG,Older,617,Correct,32
ID177,NEG,Older,889,Correct,33
ID177,NEG,Older,844,Correct,34
ID177,NEG,Older,555,Correct,35
ID177,NEG,Older,435,Correct,36
ID177,NEG,Older,611,Incorrect,37
ID177,NEG,Older,377,Correct,38
ID177,NEG,Older,533,Correct,39
ID177,NEG,Older,280,Correct,40
ID177,NEG,Older,172,Correct,41
ID177,NEG,Older,492,Correct,42
ID177,NEG,Older,364,Correct,43
ID177,NEG,Older,528,Correct,44
ID177,NEG,Older,948,Correct,45
ID177,NEG,Older,924,Correct,46
ID177,NEG,Older,654,Correct,47
ID177,NEG,Older,886,Incorrect,48
