ID,COND,AGE,RT,ACC,TRIAL
ID158,POS,Younger,545,Correct,0
ID158,POS,Younger,58,Correct,1
ID158,POS,Younger,338,Correct,2
ID158,POS,Younger,392,Correct,3
ID158,POS,Younger,360,Correct,4
ID158,POS,Younger,37,Correct,5
ID158,POS,Younger,313,Correct,6
ID158,POS,Younger,547,Correct,7
ID158,POS,Younger,401,Correct,8
ID158,POS,Younger,331,Correct,9
ID158,POS,Younger,458,Correct,10
ID158,POS,Younger,327,Correct,11
ID158,POS,Younger,616,Correct,12
ID158,POS,Younger,99,Incorrect,13
ID158,POS,Younger,332,Correct,14
ID158,POS,Younger,272,Correct,15
ID158,POS,Younger,280,Correct,16
ID158,POS,Younger,158,Correct,17
ID158,POS,Younger,230,Correct,18
ID158,POS,Younger,405,Correct,19
ID158,POS,Younger,496,Correct,20
ID158,POS,Younger,609,Correct,21
ID158,POS,Younger,126,Correct,22
ID158,POS,Younger,283,Correct,23
ID158,POS,Younger,507,Correct,24
ID158,POS,Younger,423,Correct,25
ID158,POS,Younger,265,Correct,26
ID158,POS,Younger,27,Correct,27
ID158,POS,Younger,275,Correct,28
ID158,POS,Younger,467,Correct,29
ID158,POS,Younger,650,Correct,30
ID158,POS,Younger,269,Correct,31
ID158,POS,Younger,529,Correct,32
ID158,POS,Younger,406,Incorrect,33
ID158,POS,Younger,216,Correct,34
ID158,POS,Younger,514,Correct,35
ID158,POS,Younger,406,Correct,36
ID158,POS,Younger,47,Correct,37
ID158,POS,Younger,509,Correct,38
ID158,POS,Younger,273,Incorrect,39
ID158,POS,Younger,85,Correct,40
ID158,POS,Younger,363,Correct,41
ID158,POS,Younger,242,Correct,42
ID158,POS,Younger,108,Correct,43
ID158,POS,Younger,174,Correct,44
ID158,POS,Younger,219,Correct,45
ID158,POS,Younger,284,Correct,46
ID158,POS,Younger,255,Correct,47
ID158,POS,Younger,292,Correct,48
ID158,POS,Younger,538,Correct,49
