ID,COND,AGE,RT,ACC,TRIAL
ID115,NEG,Older,935,Correct,0
ID115,NEG,Older,190,Correct,1
ID115,NEG,Older,905,Incorrect,2
ID115,NEG,Older,309,Correct,3
ID115,NEG,Older,258,Correct,4
ID115,NEG,Older,316,Correct,5
ID115,NEG,Older,342,Correct,6
ID115,NEG,Older,350,Correct,7
ID115,NEG,Older,570,Correct,8
ID115,NEG,Older,689,Correct,9
ID115,NEG,Older,438,Correct,10
ID115,NEG,Older,470,Correct,11
ID115,NEG,Older,614,Correct,12
ID115,NEG,Older,798,Correct,13
ID115,NEG,Older,218,Correct,14
ID115,NEG,Older,377,Correct,15
ID115,NEG,Older,710,Incorrect,16
ID115,NEG,Older,508,Correct,17
ID115,NEG,Older,295,Correct,18
ID115,NEG,Older,555,Correct,19
ID115,NEG,Older,357,Correct,20
ID115,NEG,Older,441,Correct,21
ID115,NEG,Older,674,Correct,22
ID115,NEG,Older,953,Correct,23
ID115,NEG,Older,980,Correct,24
ID115,NEG,Older,561,Correct,25
ID115,NEG,Older,660,Incorrect,26
ID115,NEG,Older,293,Correct,27
ID115,NEG,Older,393,Correct,28
ID115,NEG,Older,390,Correct,29
ID115,NEG,Older,404,Correct,30
ID115,NEG,Older,438,Incorrect,31
ID115,NEG,Older,34,Correct,32
ID115,NEG,Older,930,Correct,33
ID115,NEG,Older,412,Correct,34
ID115,NEG,Older,549,Correct,35
ID115,NEG,Older,331,Correct,36
ID115,NEG,Older,533,Correct,37
ID115,NEG,Older,464,Correct,38
ID115,NEG,Older,840,Correct,39
ID115,NEG,Older,311,Correct,40
ID115,NEG,Older,602,Correct,41
ID115,NEG,Older,724,Correct,42
ID115,NEG,Older,575,Correct,43
ID115,NEG,Older,777,Correct,44
ID115,NEG,Older,392,Correct,45
ID115,NEG,Older,501,Correct,46
ID115,NEG,Older,636,Correct,47
ID115,NEG,Older,452,Correct,48
ID115,NEG,Older,333,Correct,49
