ID,COND,AGE,RT,ACC,TRIAL
ID172,POS,Younger,357,Correct,0
ID172,POS,Younger,145,Correct,1
ID172,POS,Younger,394,Correct,2
ID172,POS,Younger,132,Correct,3
ID172,POS,Younger,330,Correct,4
ID172,POS,Younger,393,Correct,5
ID172,POS,Younger,481,Correct,6
ID172,POS,Younger,492,Incorrect,7
ID172,POS,Younger,307,Correct,8
ID172,POS,Younger,249,Correct,9
ID172,POS,Younger,189,Correct,10
ID172,POS,Younger,550,Correct,11
ID172,POS,Younger,462,Correct,12
ID172,POS,Younger,338,Correct,13
ID172,POS,Younger,472,Correct,14
ID172,POS,Younger,447,Correct,15
ID172,POS,Younger,374,Correct,16
ID172,POS,Younger,429,Correct,17
ID172,POS,Younger,255,Correct,18
ID172,POS,Younger,467,Correct,19
ID172,POS,Younger,479,Correct,20
ID172,POS,Younger,220,Correct,21
ID172,POS,Younger,131,Correct,22
ID172,POS,Younger,637,Correct,23
ID172,POS,Younger,301,Correct,24
ID172,POS,Younger,343,Correct,25
ID172,POS,Younger,170,Correct,26
ID172,POS,Younger,405,Correct,27
ID172,POS,Younger,163,Correct,28
ID172,POS,Younger,238,Correct,29
ID172,POS,Younger,137,Correct,30
ID172,POS,Younger,231,Correct,31
ID172,POS,Younger,472,Correct,32
ID172,POS,Younger,544,Correct,33
ID172,POS,Younger,549,Correct,34
ID172,POS,Younger,291,Correct,35
ID172,POS,Younger,84,Correct,36
ID172,POS,Younger,530,Correct,37
ID172,POS,Younger,262,Incorrect,38
ID172,POS,Younger,370,Correct,39
ID172,POS,Younger,218,Correct,40
ID172,POS,Younger,302,Correct,41
ID172,POS,Younger,439,Correct,42
ID172,POS,Younger,233,Correct,43
ID172,POS,Younger,272,Correct,44
ID172,POS,Younger,413,Correct,45
ID172,POS,Younger,129,Correct,46
ID172,POS,Younger,82,Correct,47
ID172,POS,Younger,190,Correct,48
ID172,POS,Younger,252,Correct,49
