ID,COND,AGE,RT,ACC,TRIAL
ID138,NEG,Younger,519,Correct,0
ID138,NEG,Younger,778,Correct,1
ID138,NEG,Younger,498,Correct,2
ID138,NEG,Younger,289,Correct,3
ID138,NEG,Younger,549,Correct,4
ID138,NEG,Younger,222,Correct,5
ID138,NEG,Younger,243,Correct,6
ID138,NEG,Younger,467,Incorrect,7
ID138,NEG,Younger,641,Correct,8
ID138,NEG,Younger,351,Incorrect,9
ID138,NEG,Younger,672,Incorrect,10
ID138,NEG,Younger,518,Incorrect,11
ID138,NEG,Younger,438,Correct,12
ID138,NEG,Younger,453,Correct,13
ID138,NEG,Younger,227,Correct,14
ID138,NEG,Younger,336,Correct,15
ID138,NEG,Younger,425,Correct,16
ID138,NEG,Younger,432,Correct,17
ID138,NEG,Younger,584,Correct,18
ID138,NEG,Younger,680,Correct,19
ID138,NEG,Younger,824,Correct,20
ID138,NEG,Younger,103,Correct,21
ID138,NEG,Younger,402,Correct,22
ID138,NEG,Younger,435,Correct,23
ID138,NEG,Younger,316,Correct,24
ID138,NEG,Younger,318,Correct,25
ID138,NEG,Younger,585,Correct,26
ID138,NEG,Younger,675,Incorrect,27
ID138,NEG,Younger,707,Correct,28
ID138,NEG,Younger,259,Correct,29
ID138,NEG,Younger,83,Correct,30
ID138,NEG,Younger,325,Correct,31
ID138,NEG,Younger,672,Correct,32
ID138,NEG,Younger,774,Correct,33
ID138,NEG,Younger,347,Incorrect,34
ID138,NEG,Younger,715,Correct,35
ID138,NEG,Younger,532,Correct,36
ID138,NEG,Younger,291,Incorrect,37
ID138,NEG,Younger,777,Incorrect,38
ID138,NEG,Younger,306,Incorrect,39
ID138,NEG,Younger,428,Correct,40
ID138,NEG,Younger,276,Correct,41
ID138,NEG,Younger,497,Correct,42
ID138,NEG,Younger,477,Correct,43
ID138,NEG,Younger,484,Correct,44
ID138,NEG,Younger,609,Correct,45
ID138,NEG,Younger,492,Correct,46
ID138,NEG,Younger,417,Correct,47
ID138,NEG,Younger,591,Correct,48
ID138,NEG,Younger,745,Correct,49
