ID,COND,AGE,RT,ACC,TRIAL
ID170,NEG,Younger,534,Correct,0
ID170,NEG,Younger,439,Correct,1
ID170,NEG,Younger,281,Correct,2
ID170,NEG,Younger,438,Correct,3
ID170,NEG,Younger,800,Correct,4
ID170,NEG,Younger,275,Correct,5
ID170,NEG,Younger,524,Correct,6
ID170,NEG,Younger,748,Incorrect,7
ID170,NEG,Younger,452,Correct,8
ID170,NEG,Younger,563,Correct,9
ID170,NEG,Younger,622,Correct,10
ID170,NEG,Younger,580,Correct,11
ID170,NEG,Younger,740,Correct,12
ID170,NEG,Younger,600,Correct,13
ID170,NEG,Younger,458,Correct,14
ID170,NEG,Younger,794,Correct,15
ID170,NEG,Younger,399,Incorrect,16
ID170,NEG,Younger,650,Correct,17
ID170,NEG,Younger,759,Correct,18
ID170,NEG,Younger,574,Correct,19
ID170,NEG,Younger,381,Correct,20
ID170,NEG,Younger,254,Correct,21
ID170,NEG,Younger,142,Correct,22
ID170,NEG,Younger,381,Correct,23
ID170,NEG,Younger,711,Correct,24
ID170,NEG,Younger,388,Correct,25
ID170,NEG,Younger,660,Correct,26
ID170,NEG,Younger,403,Correct,27
ID170,NEG,Younger,415,Incorrect,28
ID170,NEG,Younger,354,Correct,29
ID170,NEG,Younger,741,Correct,30
ID170,NEG,Younger,469,Correct,31
ID170,NEG,Younger,525,Correct,32
ID170,NEG,Younger,718,Correct,33
ID170,NEG,Younger,727,Incorrect,34
ID170,NEG,Younger,425,Incorrect,35
ID170,NEG,Younger,452,Correct,36
ID170,NEG,Younger,497,Incorrect,37
ID170,NEG,Younger,680,Correct,38
ID170,NEG,Younger,576,Correct,39
ID170,NEG,Younger,722,Correct,40
ID170,NEG,Younger,762,Correct,41
ID170,NEG,Younger,416,Correct,42
ID170,NEG,Younger,302,Correct,43
ID170,NEG,Younger,559,Correct,44
ID170,NEG,Younger,520,Correct,45
ID170,NEG,Younger,479,Correct,46
ID170,NEG,Younger,591,Correct,47
ID170,NEG,Younger,422,Correct,48
ID170,NEG,Younger,673,Correct,49
