ID,COND,AGE,RT,ACC,TRIAL
ID114,POS,Younger,247,Correct,0
ID114,POS,Younger,323,Correct,1
ID114,POS,Younger,537,Correct,2
ID114,POS,Younger,493,Correct,3
ID114,POS,Younger,487,Correct,4
ID114,POS,Younger,650,Correct,5
ID114,POS,Younger,329,Correct,6
ID114,POS,Younger,458,Correct,7
ID114,POS,Younger,415,Correct,8
ID114,POS,Younger,358,Correct,9
ID114,POS,Younger,366,Correct,10
ID114,POS,Younger,327,Correct,11
ID114,POS,Younger,118,Correct,12
ID114,POS,Younger,348,Incorrect,13
ID114,POS,Younger,235,Correct,14
ID114,POS,Younger,358,Correct,15
ID114,POS,Younger,220,Correct,16
ID114,POS,Younger,435,Correct,17
ID114,POS,Younger,416,Incorrect,18
ID114,POS,Younger,336,Correct,19
ID114,POS,Younger,158,Correct,20
ID114,POS,Younger,412,Correct,21
ID114,POS,Younger,432,Correct,22
ID114,POS,Younger,362,Correct,23
ID114,POS,Younger,451,Correct,24
ID114,POS,Younger,167,Correct,25
ID114,POS,Younger,299,Correct,26
ID114,POS,Younger,510,Correct,27
ID114,POS,Younger,445,Correct,28
ID114,POS,Younger,415,Correct,29
ID114,POS,Younger,444,Correct,30
ID114,POS,Younger,207,Correct,31
ID114,POS,Younger,266,Correct,32
ID114,POS,Younger,417,Correct,33
ID114,POS,Younger,208,Correct,34
ID114,POS,Younger,439,Correct,35
ID114,POS,Younger,428,Correct,36
ID114,POS,Younger,494,Correct,37
ID114,POS,Younger,50,Correct,38
ID114,POS,Younger,446,Incorrect,39
ID114,POS,Younger,307,Correct,40
ID114,POS,Younger,411,Correct,41
ID114,POS,Younger,363,Correct,42
ID114,POS,Younger,557,Correct,43
ID114,POS,Younger,247,Incorrect,44
ID114,POS,Younger,350,Correct,45
ID114,POS,Younger,320,Correct,46
ID114,POS,Younger,446,Correct,47
ID114,POS,Younger,613,Correct,48
ID114,POS,Younger,412,Correct,49
