ID,COND,AGE,RT,ACC,TRIAL
ID104,POS,Younger,187,Correct,0
ID104,POS,Younger,389,Correct,1
ID104,POS,Younger,354,Incorrect,2
ID104,POS,Younger,417,Correct,3
ID104,POS,Younger,228,Correct,4
ID104,POS,Younger,349,Correct,5
ID104,POS,Younger,248,Correct,6
ID104,POS,Younger,502,Correct,7
ID104,POS,Younger,182,Correct,8
ID104,POS,Younger,430,Correct,9
ID104,POS,Younger,504,Correct,10
ID104,POS,Younger,358,Correct,11
ID104,POS,Younger,358,Correct,12
ID104,POS,Younger,310,Correct,13
ID104,POS,Younger,368,Correct,14
ID104,POS,Younger,404,Correct,15
ID104,POS,Younger,268,Correct,16
ID104,POS,Younger,516,Correct,17
ID104,POS,Younger,200,Correct,18
ID104,POS,Younger,434,Correct,19
ID104,POS,Younger,445,Correct,20
ID104,POS,Younger,216,Correct,21
ID104,POS,Younger,418,Correct,22
ID104,POS,Younger,273,Correct,23
ID104,POS,Younger,478,Correct,24
ID104,POS,Younger,433,Correct,25
ID104,POS,Younger,509,Correct,26
ID104,POS,Younger,325,Correct,27
ID104,POS,Younger,251,Correct,28
ID104,POS,Younger,382,Correct,29
ID104,POS,Younger,341,Correct,30
ID104,POS,Younger,171,Correct,31
ID104,POS,Younger,418,Correct,32
ID104,POS,Younger,283,Correct,33
ID104,POS,Younger,348,Correct,34
ID104,POS,Younger,162,Correct,35
ID104,POS,Younger,413,Correct,36
ID104,POS,Younger,480,Correct,37
ID104,POS,Younger,262,Correct,38
ID104,POS,Younger,274,Correct,39
ID104,POS,Younger,315,Correct,40
ID104,POS,Younger,560,Correct,41
ID104,POS,Younger,455,Correct,42
ID104,POS,Younger,471,Correct,43
ID104,POS,Younger,397,Correct,44
ID104,POS,Younger,320,Correct,45
ID104,POS,Younger,454,Correct,46
ID104,POS,Younger,511,Incorrect,47
ID104,POS,Younger,352,Correct,48
ID104,POS,Younger,337,Correct,49
