ID,COND,AGE,RT,ACC,TRIAL
ID102,NEG,Younger,180,Correct,0
ID102,NEG,Younger,527,Incorrect,1
ID102,NEG,Younger,418,Correct,2
ID102,NEG,Younger,473,Incorrect,3
ID102,NEG,Younger,648,Correct,4
ID102,NEG,Younger,240,Correct,5
ID102,NEG,Younger,458,Correct,6
ID102,NEG,Younger,525,Correct,7
ID102,NEG,Younger,123,Correct,8
ID102,NEG,Younger,523,Correct,9
ID102,NEG,Younger,410,Correct,10
ID102,NEG,Younger,430,Correct,11
ID102,NEG,Younger,234,Correct,12
ID102,NEG,Younger,618,Correct,13
ID102,NEG,Younger,586,Correct,14
ID102,NEG,Younger,883,Correct,15
ID102,NEG,Younger,121,Correct,16
ID102,NEG,Younger,704,Correct,17
ID102,NEG,Younger,682,Correct,18
ID102,NEG,Younger,431,Correct,19
ID102,NEG,Younger,732,Correct,20
ID102,NEG,Younger,748,Correct,21
ID102,NEG,Younger,563,Incorrect,22
ID102,NEG,Younger,313,Correct,23
ID102,NEG,Younger,594,Correct,24
ID102,NEG,Younger,174,Correct,25
ID102,NEG,Younger,391,Correct,26
ID102,NEG,Younger,287,Correct,27
ID102,NEG,Younger,610,Correct,28
ID102,NEG,Younger,618,Correct,29
ID102,NEG,Younger,592,Correct,30
ID102,NEG,Younger,74,Correct,31
ID102,NEG,Younger,818,Correct,32
ID102,NEG,Younger,784,Correct,33
ID102,NEG,Younger,173,Correct,34
ID102,NEG,Younger,560,Correct,35
ID102,NEG,Younger,401,Correct,36
ID102,NEG,Younger,342,Correct,37
ID102,NEG,Younger,534,Incorrect,38
ID102,NEG,Younger,533,Correct,39
ID102,NEG,Younger,401,Correct,40
ID102,NEG,Younger,688,Correct,41
ID102,NEG,Younger,567,Correct,42
ID102,NEG,Younger,246,Correct,43
ID102,NEG,Younger,265,Correct,44
ID102,NEG,Younger,688,Correct,45
ID102,NEG,Younger,408,Correct,46
ID102,NEG,Younger,185,Correct,47
ID102,NEG,Younger,346,Correct,48
ID102,NEG,Younger,522,Correct,49
