ID,COND,AGE,RT,ACC,TRIAL
ID149,NEG,Older,721,Correct,0
ID149,NEG,Older,942,Correct,1
ID149,NEG,Older,963,Correct,2
ID149,NEG,Older,1109,Correct,3
ID149,NEG,Older,548,Correct,4
ID149,NEG,Older,1009,Correct,5
ID149,NEG,Older,322,Incorrect,6
ID149,NEG,Older,527,Correct,7
ID149,NEG,Older,771,Correct,8
ID149,NEG,Older,209,Incorrect,9
ID149,NEG,Older,217,Correct,10
ID149,NEG,Older,427,Correct,11
ID149,NEG,Older,519,Correct,12
ID149,NEG,Older,1051,Incorrect,13
ID149,NEG,Older,654,Correct,14
ID149,NEG,Older,510,Correct,15
ID149,NEG,Older,997,Correct,16
ID149,NEG,Older,553,Correct,17
ID149,NEG,Older,265,Correct,18
ID149,NEG,Older,668,Incorrect,19
ID149,NEG,Older,202,Correct,20
ID149,NEG,Older,498,Correct,21
ID149,NEG,Older,1011,Correct,22
ID149,NEG,Older,378,Correct,23
ID149,NEG,Older,803,Correct,24
ID149,NEG,Older,811,Correct,25
ID149,NEG,Older,342,Incorrect,26
ID149,NEG,Older,848,Correct,27
ID149,NEG,Older,586,Correct,28
ID149,NEG,Older,914,Correct,29
ID149,NEG,Older,602,Correct,30
ID149,NEG,Older,428,Correct,31
ID149,NEG,Older,650,Correct,32
ID149,NEG,Older,630,Correct,33
ID149,NEG,Older,430,Correct,34
ID149,NEG,Older,724,Correct,35
ID149,NEG,Older,1094,Correct,36
ID149,NEG,Older,234,Correct,37
ID149,NEG,Older,744,Correct,38
ID149,NEG,Older,691,Incorrect,39
ID149,NEG,Older,121,Correct,40
ID149,NEG,Older,625,Correct,41
ID149,NEG,Older,915,Correct,42
ID149,NEG,Older,727,Correct,43
ID149,NEG,Older,357,Correct,44
ID149,NEG,Older,689,Correct,45
ID149,NEG,Older,731,Correct,46
ID149,NEG,Older,726,Correct,47
ID149,NEG,Older,819,Correct,48
ID149,NEG,Older,681,Correct,49
