ID,COND,AGE,RT,ACC,TRIAL
ID159,POS,Older,137,Correct,0
ID159,POS,Older,591,Correct,1
ID159,POS,Older,238,Correct,2
ID159,POS,Older,341,Correct,3
ID159,POS,Older,246,Correct,4
ID159,POS,Older,66,Correct,5
ID159,POS,Older,398,Correct,6
ID159,POS,Older,321,Correct,7
ID159,POS,Older,454,Correct,8
ID159,POS,Older,239,Incorrect,9
ID159,POS,Older,492,Correct,10
ID159,POS,Older,66,Correct,11
ID159,POS,Older,447,Correct,12
ID159,POS,Older,205,Correct,13
ID159,POS,Older,285,Correct,14
ID159,POS,Older,213,Correct,15
ID159,POS,Older,520,Correct,16
ID159,POS,Older,533,Correct,17
ID159,POS,Older,470,Incorrect,18
ID159,POS,Older,517,Correct,19
ID159,POS,Older,174,Correct,20
ID159,POS,Older,458,Correct,21
ID159,POS,Older,410,Correct,22
ID159,POS,Older,301,Correct,23
ID159,POS,Older,406,Correct,24
ID159,POS,Older,174,Correct,25
ID159,POS,Older,308,Incorrect,26
ID159,POS,Older,313,Correct,27
ID159,POS,Older,771,Correct,28
ID159,POS,Older,798,Correct,29
ID159,POS,Older,568,Correct,30
ID159,POS,Older,512,Correct,31
ID159,POS,Older,199,Correct,32
ID159,POS,Older,468,Correct,33
ID159,POS,Older,246,Correct,34
ID159,POS,Older,630,Correct,35
ID159,POS,Older,98,Correct,36
ID159,POS,Older,388,Correct,37
ID159,POS,Older,453,Correct,38
ID159,POS,Older,592,Correct,39
ID159,POS,Older,418,Correct,40
ID159,POS,Older,245,Correct,41
ID159,POS,Older,668,Correct,42
ID159,POS,Older,505,Correct,43
ID159,POS,Older,513,Correct,44
ID159,POS,Older,148,Correct,45
ID159,POS,Older,318,Correct,46
ID159,POS,Older,262,Correct,47
ID159,POS,Older,589,Correct,48
ID159,POS,Older,419,Correct,49
