ID,COND,AGE,RT,ACC,TRIAL
ID137,NEG,Older,878,Correct,0
ID137,NEG,Older,452,Correct,1
ID137,NEG,Older,1009,Correct,2
ID137,NEG,Older,527,Correct,3
ID137,NEG,Older,822,Correct,4
ID137,NEG,Older,1022,Correct,5
ID137,NEG,Older,746,Correct,6
ID137,NEG,Older,722,Correct,7
ID137,NEG,Older,507,Correct,8
ID137,NEG,Older,591,Correct,9
ID137,NEG,Older,430,Correct,10
ID137,NEG,Older,886,Correct,11
ID137,NEG,Older,118,Correct,12
ID137,NEG,Older,394,Correct,13
ID137,NEG,Older,262,Correct,14
ID137,NEG,Older,857,Correct,15
ID137,NEG,Older,990,Correct,16
ID137,NEG,Older,350,Correct,17
ID137,NEG,Older,632,Correct,18
ID137,NEG,Older,444,Incorrect,19
ID137,NEG,Older,631,Correct,20
ID137,NEG,Older,692,Correct,21
ID137,NEG,Older,742,Correct,22
ID137,NEG,Older,420,Correct,23
ID137,NEG,Older,441,Correct,24
ID137,NEG,Older,1368,Correct,25
ID137,NEG,Older,893,Correct,26
ID137,NEG,Older,999,Correct,27
ID137,NEG,Older,1081,Correct,28
ID137,NEG,Older,708,Incorrect,29
ID137,NEG,Older,238,Correct,30
ID137,NEG,Older,590,Correct,31
ID137,NEG,Older,861,Correct,32
ID137,NEG,Older,285,Correct,33
ID137,NEG,Older,368,Correct,34
ID137,NEG,Older,788,Correct,35
ID137,NEG,Older,134,Correct,36
ID137,NEG,Older,769,Correct,37
ID137,NEG,Older,226,Correct,38
ID137,NEG,Older,775,Correct,39
ID137,NEG,Older,437,Correct,40
ID137,NEG,Older,378,Correct,41
ID137,NEG,Older,716,Correct,42
ID137,NEG,Older,609,Correct,43
ID137,NEG,Older,853,Correct,44
ID137,NEG,Older,544,Incorrect,45
ID137,NEG,Older,88,Correct,46
ID137,NEG,Older,703,Correct,47
ID137,NEG,Older,877,Correct,48
ID137,NEG,Older,662,Incorrect,49
