ID,COND,AGE,RT,ACC,TRIAL
ID122,POS,Younger,194,Correct,0
ID122,POS,Younger,515,Correct,1
ID122,POS,Younger,767,Correct,2
ID122,POS,Younger,545,Correct,3
ID122,POS,Younger,514,Correct,4
ID122,POS,Younger,397,Correct,5
ID122,POS,Younger,129,Correct,6
ID122,POS,Younger,448,Correct,7
ID122,POS,Younger,370,Correct,8
ID122,POS,Younger,258,Incorrect,9
ID122,POS,Younger,393,Correct,10
ID122,POS,Younger,417,Correct,11
ID122,POS,Younger,390,Correct,12
ID122,POS,Younger,459,Correct,13
ID122,POS,Younger,432,Incorrect,14
ID122,POS,Younger,356,Correct,15
ID122,POS,Younger,390,Correct,16
ID122,POS,Younger,336,Correct,17
ID122,POS,Younger,337,Correct,18
ID122,POS,Younger,343,Correct,19
ID122,POS,Younger,296,Correct,20
ID122,POS,Younger,341,Correct,21
ID122,POS,Younger,308,Correct,22
ID122,POS,Younger,624,Correct,23
ID122,POS,Younger,334,Correct,24
ID122,POS,Younger,477,Correct,25
ID122,POS,Younger,309,Correct,26
ID122,POS,Younger,573,Correct,27
ID122,POS,Younger,361,Correct,28
ID122,POS,Younger,378,Correct,29
ID122,POS,Younger,376,Correct,30
ID122,POS,Younger,378,Correct,31
ID122,POS,Younger,427,Correct,32
ID122,POS,Younger,258,Correct,33
ID122,POS,Younger,148,Correct,34
ID122,POS,Younger,231,Correct,35
ID122,POS,Younger,504,Correct,36
ID122,POS,Younger,550,Correct,37
ID122,POS,Younger,455,Incorrect,38
ID122,POS,Younger,407,Correct,39
ID122,POS,Younger,290,Correct,40
ID122,POS,Younger,379,Correct,41
ID122,POS,Younger,360,Correct,42
ID122,POS,Younger,336,Correct,43
ID122,POS,Younger,309,Correct,44
ID122,POS,Younger,560,Correct,45
ID122,POS,Younger,287,Correct,46
ID122,POS,Younger,494,Correct,47
ID122,POS,Younger,388,Correct,48
ID122,POS,Younger,259,Correct,49
