ID,COND,AGE,RT,ACC,TRIAL
ID133,NEG,Older,371,Correct,0
ID133,NEG,Older,376,Correct,1
ID133,NEG,Older,600,Correct,2
ID133,NEG,Older,220,Correct,3
ID133,NEG,Older,570,Incorrect,4
ID133,NEG,Older,228,Correct,5
ID133,NEG,Older,641,Correct,6
ID133,NEG,Older,708,Correct,7
ID133,NEG,Older,877,Correct,8
ID133,NEG,Older,670,Incorrect,9
ID133,NEG,Older,603,Correct,10
ID133,NEG,Older,584,Correct,11
ID133,NEG,Older,858,Correct,12
ID133,NEG,Older,763,Correct,13
ID133,NEG,Older,686,Correct,14
ID133,NEG,Older,821,Correct,15
ID133,NEG,Older,517,Correct,16
ID133,NEG,Older,331,Incorrect,17
ID133,NEG,Older,951,Incorrect,18
ID133,NEG,Older,531,Correct,19
ID133,NEG,Older,297,Correct,20
ID133,NEG,Older,630,Correct,21
ID133,NEG,Older,352,Correct,22
ID133,NEG,Older,784,Correct,23
ID133,NEG,Older,1131,Correct,24
ID133,NEG,Older,889,Correct,25
ID133,NEG,Older,358,Correct,26
ID133,NEG,Older,751,Correct,27
ID133,NEG,Older,529,Correct,28
ID133,NEG,Older,553,Correct,29
ID133,NEG,Older,770,Correct,30
ID133,NEG,Older,461,Correct,31
ID133,NEG,Older,708,Correct,32
ID133,NEG,Older,548,Correct,33
ID133,NEG,Older,790,Correct,34
ID133,NEG,Older,406,Correct,35
ID133,NEG,Older,512,Correct,36
ID133,NEG,Older,232,Correct,37
ID133,NEG,Older,646,Correct,38
ID133,NEG,Older,338,Incorrect,39
ID133,NEG,Older,1057,Correct,40
ID133,NEG,Older,455,Correct,41
ID133,NEG,Older,665,Correct,42
ID133,NEG,Older,730,Correct,43
ID133,NEG,Older,825,Incorrect,44
ID133,NEG,Older,815,Correct,45
ID133,NEG,Older,590,Correct,46
ID133,NEG,Older,444,Correct,47
ID133,NEG,Older,803,Incorrect,48
ID133,NEG,Older,812,Correct,49
