ID,COND,AGE,RT,ACC,TRIAL
ID108,POS,Younger,471,Correct,0
ID108,POS,Younger,598,Correct,1
ID108,POS,Younger,415,Correct,2
ID108,POS,Younger,281,Correct,3
ID108,POS,Younger,224,Correct,4
ID108,POS,Younger,402,Correct,5
ID108,POS,Younger,488,Correct,6
ID108,POS,Younger,396,Correct,7
ID108,POS,Younger,112,Incorrect,8
ID108,POS,Younger,352,Correct,9
ID108,POS,Younger,361,Correct,10
ID108,POS,Younger,625,Correct,11
ID108,POS,Younger,280,Correct,12
ID108,POS,Younger,134,Correct,13
ID108,POS,Younger,351,Correct,14
ID108,POS,Younger,64,Incorrect,15
ID108,POS,Younger,297,Correct,16
ID108,POS,Younger,437,Correct,17
ID108,POS,Younger,312,Correct,18
ID108,POS,Younger,141,Correct,19
ID108,POS,Younger,336,Correct,20
ID108,POS,Younger,380,Correct,21
ID108,POS,Younger,396,Correct,22
ID108,POS,Younger,437,Correct,23
ID108,POS,Younger,159,Correct,24
ID108,POS,Younger,184,Correct,25
ID108,POS,Younger,187,Correct,26
ID108,POS,Younger,517,Correct,27
ID108,POS,Younger,388,Correct,28
ID108,POS,Younger,380,Correct,29
ID108,POS,Younger,151,Correct,30
ID108,POS,Younger,385,Correct,31
ID108,POS,Younger,563,Correct,32
ID108,POS,Younger,218,Correct,33
ID108,POS,Younger,312,Correct,34
ID108,POS,Younger,560,Correct,35
ID108,POS,Younger,653,Correct,36
ID108,POS,Younger,199,Correct,37
ID108,POS,Younger,313,Incorrect,38
ID108,POS,Younger,227,Correct,39
ID108,POS,Younger,348,Correct,40
ID108,POS,Younger,556,Correct,41
ID108,POS,Younger,221,Correct,42
ID108,POS,Younger,235,Correct,43
ID108,POS,Younger,381,Correct,44
ID108,POS,Younger,304,Correct,45
ID108,POS,Younger,267,Correct,46
ID108,POS,Younger,297,Correct,47
ID108,POS,Younger,413,Correct,48
ID108,POS,Younger,312,Correct,49
