ID,COND,AGE,RT,ACC,TRIAL
ID148,NEG,Younger,170,Correct,0
ID148,NEG,Younger,362,Correct,1
ID148,NEG,Younger,359,Correct,2
ID148,NEG,Younger,604,Incorrect,3
ID148,NEG,Younger,543,Incorrect,4
ID148,NEG,Younger,498,Correct,5
ID148,NEG,Younger,241,Correct,6
ID148,NEG,Younger,512,Correct,7
ID148,NEG,Younger,315,Incorrect,8
ID148,NEG,Younger,618,Correct,9
ID148,NEG,Younger,406,Correct,10
ID148,NEG,Younger,383,Correct,11
ID148,NEG,Younger,524,Correct,12
ID148,NEG,Younger,294,Incorrect,13
ID148,NEG,Younger,326,Correct,14
ID148,NEG,Younger,364,Correct,15
ID148,NEG,Younger,311,Correct,16
ID148,NEG,Younger,539,Correct,17
ID148,NEG,Younger,760,Incorrect,18
ID148,NEG,Younger,423,Correct,19
ID148,NEG,Younger,593,Correct,20
ID148,NEG,Younger,287,Correct,21
ID148,NEG,Younger,471,Correct,22
ID148,NEG,Younger,627,Correct,23
ID148,NEG,Younger,213,Correct,24
ID148,NEG,Younger,651,Correct,25
ID148,NEG,Younger,516,Correct,26
ID148,NEG,Younger,294,Correct,27
ID148,NEG,Younger,631,Correct,28
ID148,NEG,Younger,346,Correct,29
ID148,NEG,Younger,796,Correct,30
ID148,NEG,Younger,453,Correct,31
ID148,NEG,Younger,674,Correct,32
ID148,NEG,Younger,140,Correct,33
ID148,NEG,Younger,495,Correct,34
ID148,NEG,Younger,206,Correct,35
ID148,NEG,Younger,163,Correct,36
ID148,NEG,Younger,718,Correct,37
ID148,NEG,Younger,398,Correct,38
ID148,NEG,Younger,351,Correct,39
ID148,NEG,Younger,547,Correct,40
ID148,NEG,Younger,420,Correct,41
ID148,NEG,Younger,333,Correct,42
ID148,NEG,Younger,486,Correct,43
ID148,NEG,Younger,400,Correct,44
ID148,NEG,Younger,523,Correct,45
ID148,NEG,Younger,418,Incorrect,46
ID148,NEG,Younger,859,Correct,47
