ID,COND,AGE,RT,ACC,TRIAL
ID146,POS,Younger,504,Correct,0
ID146,POS,Younger,458,Correct,1
ID146,POS,Younger,566,Correct,2
ID146,POS,Younger,308,Correct,3
ID146,POS,Younger,296,Correct,4
ID146,POS,Younger,470,Correct,5
ID146,POS,Younger,371,Correct,6
ID146,POS,Younger,631,Correct,7
ID146,POS,Younger,510,Correct,8
ID146,POS,Younger,184,Correct,9
ID146,POS,Younger,196,Correct,10
ID146,POS,Younger,71,Correct,11
ID146,POS,Younger,257,Incorrect,12
ID146,POS,Younger,566,Correct,13
ID146,POS,Younger,320,Correct,14
ID146,POS,Younger,381,Correct,15
ID146,POS,Younger,269,Correct,16
ID146,POS,Younger,419,Correct,17
ID146,POS,Younger,375,Correct,18
ID146,POS,Younger,424,Incorrect,19
ID146,POS,Younger,366,Correct,20
ID146,POS,Younger,420,Correct,21
ID146,POS,Younger,181,Correct,22
ID146,POS,Younger,184,Correct,23
ID146,POS,Younger,220,Correct,24
ID146,POS,Younger,271,Correct,25
ID146,POS,Younger,353,Correct,26
ID146,POS,Younger,378,Incorrect,27
ID146,POS,Younger,428,Correct,28
ID146,POS,Younger,324,Correct,29
ID146,POS,Younger,294,Correct,30
ID146,POS,Younger,538,Correct,31
ID146,POS,Younger,360,Correct,32
ID146,POS,Younger,277,Correct,33
ID146,POS,Younger,248,Correct,34
ID146,POS,Younger,329,Correct,35
ID146,POS,Younger,475,Correct,36
ID146,POS,Younger,298,Correct,37
ID146,POS,Younger,398,Correct,38
ID146,POS,Younger,146,Correct,39
ID146,POS,Younger,574,Correct,40
ID146,POS,Younger,382,Correct,41
ID146,POS,Younger,283,Correct,42
ID146,POS,Younger,564,Correct,43
ID146,POS,Younger,426,Correct,44
ID146,POS,Younger,358,Correct,45
ID146,POS,Younger,433,Correct,46
ID146,POS,Younger,292,Correct,47
ID146,POS,Younger,239,Incorrect,48
ID146,POS,Younger,397,Correct,49
