ID,COND,AGE,RT,ACC,TRIAL
ID144,POS,Younger,386,Correct,0
ID144,POS,Younger,474,Correct,1
ID144,POS,Younger,492,Correct,2
ID144,POS,Younger,131,Correct,3
ID144,POS,Younger,485,Correct,4
ID144,POS,Younger,405,Correct,5
ID144,POS,Younger,346,Correct,6
ID144,POS,Younger,279,Correct,7
ID144,POS,Younger,525,Correct,8
ID144,POS,Younger,234,Correct,9
ID144,POS,Younger,69,Correct,10
ID144,POS,Younger,25,Correct,11
ID144,POS,Younger,248,Correct,12
ID144,POS,Younger,334,Correct,13
ID144,POS,Younger,473,Correct,14
ID144,POS,Younger,354,Correct,15
ID144,POS,Younger,377,Correct,16
ID144,POS,Younger,684,Correct,17
ID144,POS,Younger,318,Correct,18
ID144,POS,Younger,467,Correct,19
ID144,POS,Younger,223,Correct,20
ID144,POS,Younger,516,Correct,21
ID144,POS,Younger,267,Correct,22
ID144,POS,Younger,299,Correct,23
ID144,POS,Younger,368,Correct,24
ID144,POS,Younger,342,Correct,25
ID144,POS,Younger,314,Correct,26
ID144,POS,Younger,491,Correct,27
ID144,POS,Younger,377,Correct,28
ID144,POS,Younger,578,Correct,29
ID144,POS,Younger,330,Correct,30
ID144,POS,Younger,347,Correct,31
ID144,POS,Younger,619,Incorrect,32
ID144,POS,Younger,353,Correct,33
ID144,POS,Younger,165,Incorrect,34
ID144,POS,Younger,454,Correct,35
ID144,POS,Younger,152,Correct,36
ID144,POS,Younger,449,Correct,37
ID144,POS,Younger,76,Correct,38
ID144,POS,Younger,318,Correct,39
ID144,POS,Younger,580,Correct,40
ID144,POS,Younger,285,Correct,41
ID144,POS,Younger,388,Correct,42
ID144,POS,Younger,456,Correct,43
ID144,POS,Younger,173,Correct,44
ID144,POS,Younger,454,Incorrect,45
ID144,POS,Younger,396,Correct,46
ID144,POS,Younger,238,Correct,47
ID144,POS,Younger,532,Correct,48
