ID,COND,AGE,RT,ACC,TRIAL
ID179,NEG,Older,253,Correct,0
ID179,NEG,Older,1110,Correct,1
ID179,NEG,Older,414,Correct,2
ID179,NEG,Older,672,Correct,3
ID179,NEG,Older,387,Correct,4
ID179,NEG,Older,197,Correct,5
ID179,NEG,Older,296,Correct,6
ID179,NEG,Older,1177,Incorrect,7
ID179,NEG,Older,1101,Correct,8
ID179,NEG,Older,449,Correct,9
ID179,NEG,Older,713,Correct,10
ID179,NEG,Older,535,Incorrect,11
ID179,NEG,Older,408,Incorrect,12
ID179,NEG,Older,587,Correct,13
ID179,NEG,Older,564,Correct,14
ID179,NEG,Older,776,Correct,15
ID179,NEG,Older,460,Correct,16
ID179,NEG,Older,628,Correct,17
ID179,NEG,Older,628,Correct,18
ID179,NEG,Older,707,Correct,19
ID179,NEG,Older,567,Correct,20
ID179,NEG,Older,777,Correct,21
ID179,NEG,Older,221,Correct,22
ID179,NEG,Older,894,Correct,23
ID179,NEG,Older,336,Incorrect,24
ID179,NEG,Older,847,Correct,25
ID179,NEG,Older,667,Correct,26
ID179,NEG,Older,553,Correct,27
ID179,NEG,Older,344,Correct,28
ID179,NEG,Older,321,Correct,29
ID179,NEG,Older,530,Correct,30
ID179,NEG,Older,995,Correct,31
ID179,NEG,Older,304,Correct,32
ID179,NEG,Older,477,Correct,33
ID179,NEG,Older,707,Correct,34
ID179,NEG,Older,1061,Correct,35
ID179,NEG,Older,838,Correct,36
ID179,NEG,Older,419,Correct,37
ID179,NEG,Older,1098,Correct,38
ID179,NEG,Older,643,Correct,39
ID179,NEG,Older,754,Correct,40
ID179,NEG,Older,535,Correct,41
ID179,NEG,Older,551,Correct,42
ID179,NEG,Older,868,Correct,43
ID179,NEG,Older,503,Correct,44
ID179,NEG,Older,844,Incorrect,45
ID179,NEG,Older,819,Correct,46
ID179,NEG,Older,635,Correct,47
ID179,NEG,Older,798,Correct,48
ID179,NEG,Older,910,Correct,49
