ID,COND,AGE,RT,ACC,TRIAL
ID145,POS,Older,456,Correct,0
ID145,POS,Older,520,Correct,1
ID145,POS,Older,213,Correct,2
ID145,POS,Older,350,Correct,3
ID145,POS,Older,303,Incorrect,4
ID145,POS,Older,428,Correct,5
ID145,POS,Older,301,Correct,6
ID145,POS,Older,342,Correct,7
ID145,POS,Older,493,Correct,8
ID145,POS,Older,294,Correct,9
ID145,POS,Older,602,Correct,10
ID145,POS,Older,489,Correct,11
ID145,POS,Older,413,Correct,12
ID145,POS,Older,580,Correct,13
ID145,POS,Older,460,Correct,14
ID145,POS,Older,266,Correct,15
ID145,POS,Older,44,Incorrect,16
ID145,POS,Older,497,Correct,17
ID145,POS,Older,374,Correct,18
ID145,POS,Older,515,Correct,19
ID145,POS,Older,593,Correct,20
ID145,POS,Older,661,Correct,21
ID145,POS,Older,571,Correct,22
ID145,POS,Older,561,Correct,23
ID145,POS,Older,446,Correct,24
ID145,POS,Older,756,Incorrect,25
ID145,POS,Older,656,Correct,26
ID145,POS,Older,152,Correct,27
ID145,POS,Older,352,Correct,28
ID145,POS,Older,591,Correct,29
ID145,POS,Older,477,Correct,30
ID145,POS,Older,206,Correct,31
ID145,POS,Older,217,Correct,32
ID145,POS,Older,412,Correct,33
ID145,POS,Older,395,Correct,34
ID145,POS,Older,597,Correct,35
ID145,POS,Older,150,Incorrect,36
ID145,POS,Older,491,Correct,37
ID145,POS,Older,510,Correct,38
ID145,POS,Older,291,Correct,39
ID145,POS,Older,558,Correct,40
ID145,POS,Older,599,Correct,41
ID145,POS,Older,508,Correct,42
ID145,POS,Older,484,Correct,43
ID145,POS,Older,372,Incorrect,44
ID145,POS,Older,510,Correct,45
ID145,POS,Older,435,Correct,46
ID145,POS,Older,391,Correct,47
ID145,POS,Older,291,Correct,48
ID145,POS,Older,340,Correct,49
