ID,COND,AGE,RT,ACC,TRIAL
ID101,POS,Older,629,Correct,0
ID101,POS,Older,285,Correct,1
ID101,POS,Older,603,Correct,2
ID101,POS,Older,534,Correct,3
ID101,POS,Older,282,Correct,4
ID101,POS,Older,635,Correct,5
ID101,POS,Older,252,Incorrect,6
ID101,POS,Older,371,Correct,7
ID101,POS,Older,559,Correct,8
ID101,POS,Older,505,Correct,9
ID101,POS,Older,560,Correct,10
ID101,POS,Older,510,Correct,11
ID101,POS,Older,475,Correct,12
ID101,POS,Older,487,Correct,13
ID101,POS,Older,485,Correct,14
ID101,POS,Older,383,Correct,15
ID101,POS,Older,82,Correct,16
ID101,POS,Older,91,Correct,17
ID101,POS,Older,620,Correct,18
ID101,POS,Older,154,Correct,19
ID101,POS,Older,409,Correct,20
ID101,POS,Older,629,Correct,21
ID101,POS,Older,517,Correct,22
ID101,POS,Older,238,Correct,23
ID101,POS,Older,622,Correct,24
ID101,POS,Older,563,Correct,25
ID101,POS,Older,324,Correct,26
ID101,POS,Older,810,Correct,27
ID101,POS,Older,371,Correct,28
ID101,POS,Older,631,Correct,29
ID101,POS,Older,442,Correct,30
ID101,POS,Older,489,Correct,31
ID101,POS,Older,439,Correct,32
ID101,POS,Older,375,Correct,33
ID101,POS,Older,601,Correct,34
ID101,POS,Older,548,Correct,35
ID101,POS,Older,415,Correct,36
ID101,POS,Older,625,Correct,37
ID101,POS,Older,354,Correct,38
ID101,POS,Older,244,Correct,39
ID101,POS,Older,256,Correct,40
ID101,POS,Older,149,Correct,41
ID101,POS,Older,690,Correct,42
ID101,POS,Older,309,Correct,43
ID101,POS,Older,537,Correct,44
ID101,POS,Older,446,Correct,45
ID101,POS,Older,367,Correct,46
ID101,POS,Older,408,Correct,47
ID101,POS,Older,563,Correct,48
ID101,POS,Older,218,Incorrect,49
