ID,COND,AGE,RT,ACC,TRIAL
ID162,NEG,Younger,340,Correct,0
ID162,NEG,Younger,851,Correct,1
ID162,NEG,Younger,245,Correct,2
ID162,NEG,Younger,610,Correct,3
ID162,NEG,Younger,487,Correct,4
ID162,NEG,Younger,717,Correct,5
ID162,NEG,Younger,609,Correct,6
ID162,NEG,Younger,492,Correct,7
ID162,NEG,Younger,715,Correct,8
ID162,NEG,Younger,733,Correct,9
ID162,NEG,Younger,794,Correct,10
ID162,NEG,Younger,358,Correct,11
ID162,NEG,Younger,286,Correct,12
ID162,NEG,Younger,234,Correct,13
ID162,NEG,Younger,240,Incorrect,14
ID162,NEG,Younger,570,Correct,15
ID162,NEG,Younger,888,Correct,16
ID162,NEG,Younger,331,Correct,17
ID162,NEG,Younger,321,Correct,18
ID162,NEG,Younger,629,Correct,19
ID162,NEG,Younger,772,Correct,20
ID162,NEG,Younger,338,Incorrect,21
ID162,NEG,Younger,425,Correct,22
ID162,NEG,Younger,262,Correct,23
ID162,NEG,Younger,920,Correct,24
ID162,NEG,Younger,468,Correct,25
ID162,NEG,Younger,705,Correct,26
ID162,NEG,Younger,169,Incorrect,27
ID162,NEG,Younger,456,Correct,28
ID162,NEG,Younger,638,Correct,29
ID162,NEG,Younger,683,Incorrect,30
ID162,NEG,Younger,493,Correct,31
ID162,NEG,Younger,383,Correct,32
ID162,NEG,Younger,667,Correct,33
ID162,NEG,Younger,542,Correct,34
ID162,NEG,Younger,401,Correct,35
ID162,NEG,Younger,211,Correct,36
ID162,NEG,Younger,515,Correct,37
ID162,NEG,Younger,767,Correct,38
ID162,NEG,Younger,675,Correct,39
ID162,NEG,Younger,505,Correct,40
ID162,NEG,Younger,418,Correct,41
ID162,NEG,Younger,198,Correct,42
ID162,NEG,Younger,471,Correct,43
ID162,NEG,Younger,541,Correct,44
ID162,NEG,Younger,36,Correct,45
ID162,NEG,Younger,424,Correct,46
ID162,NEG,Younger,665,Incorrect,47
ID162,NEG,Younger,364,Correct,48
ID162,NEG,Younger,482,Correct,49
