ID,COND,AGE,RT,ACC,TRIAL
ID100,NEG,Younger,159,Correct,0
ID100,NEG,Younger,498,Correct,1
ID100,NEG,Younger,729,Incorrect,2
ID100,NEG,Younger,334,Correct,3
ID100,NEG,Younger,621,Correct,4
ID100,NEG,Younger,460,Correct,5
ID100,NEG,Younger,192,Correct,6
ID100,NEG,Younger,485,Incorrect,7
ID100,NEG,Younger,635,Correct,8
ID100,NEG,Younger,525,Correct,9
ID100,NEG,Younger,569,Correct,10
ID100,NEG,Younger,683,Correct,11
ID100,NEG,Younger,91,Correct,12
ID100,NEG,Younger,756,Correct,13
ID100,NEG,Younger,538,Correct,14
ID100,NEG,Younger,455,Correct,15
ID100,NEG,Younger,517,Correct,16
ID100,NEG,Younger,483,Correct,17
ID100,NEG,Younger,428,Correct,18
ID100,NEG,Younger,410,Correct,19
ID100,NEG,Younger,156,Correct,20
ID100,NEG,Younger,374,Correct,21
ID100,NEG,Younger,486,Correct,22
ID100,NEG,Younger,315,Correct,23
ID100,NEG,Younger,485,Correct,24
ID100,NEG,Younger,198,Correct,25
ID100,NEG,Younger,821,Correct,26
ID100,NEG,Younger,289,Correct,27
ID100,NEG,Younger,665,Correct,28
ID100,NEG,Younger,386,Correct,29
ID100,NEG,Younger,338,Correct,30
ID100,NEG,Younger,517,Correct,31
ID100,NEG,Younger,449,Correct,32
ID100,NEG,Younger,178,Correct,33
ID100,NEG,Younger,623,Correct,34
ID100,NEG,Younger,283,Correct,35
ID100,NEG,Younger,648,Correct,36
ID100,NEG,Younger,270,Correct,37
ID100,NEG,Younger,567,Correct,38
ID100,NEG,Younger,784,Correct,39
ID100,NEG,Younger,701,Correct,40
ID100,NEG,Younger,378,Correct,41
ID100,NEG,Younger,629,Correct,42
ID100,NEG,Younger,63,Correct,43
ID100,NEG,Younger,614,Correct,44
ID100,NEG,Younger,380,Correct,45
ID100,NEG,Younger,438,Correct,46
ID100,NEG,Younger,358,Incorrect,47
ID100,NEG,Younger,529,Correct,48
ID100,NEG,Younger,339,Correct,49
