ID,COND,AGE,RT,ACC,TRIAL
ID152,POS,Younger,435,Correct,0
ID152,POS,Younger,310,Correct,1
ID152,POS,Younger,332,Incorrect,2
ID152,POS,Younger,213,Correct,3
ID152,POS,Younger,148,Correct,4
ID152,POS,Younger,405,Correct,5
ID152,POS,Younger,392,Correct,6
ID152,POS,Younger,49,Correct,7
ID152,POS,Younger,206,Correct,8
ID152,POS,Younger,347,Correct,9
ID152,POS,Younger,290,Correct,10
ID152,POS,Younger,372,Correct,11
ID152,POS,Younger,317,Correct,12
ID152,POS,Younger,207,Correct,13
ID152,POS,Younger,616,Correct,14
ID152,POS,Younger,507,Correct,15
ID152,POS,Younger,263,Correct,16
ID152,POS,Younger,521,Correct,17
ID152,POS,Younger,220,Correct,18
ID152,POS,Younger,433,Correct,19
ID152,POS,Younger,486,Correct,20
ID152,POS,Younger,444,Correct,21
ID152,POS,Younger,447,Correct,22
ID152,POS,Younger,300,Correct,23
ID152,POS,Younger,356,Correct,24
ID152,POS,Younger,589,Correct,25
ID152,POS,Younger,340,Correct,26
ID152,POS,Younger,246,Correct,27
ID152,POS,Younger,463,Correct,28
ID152,POS,Younger,439,Correct,29
ID152,POS,Younger,462,Correct,30
ID152,POS,Younger,468,Correct,31
ID152,POS,Younger,454,Correct,32
ID152,POS,Younger,264,Correct,33
ID152,POS,Younger,175,Correct,34
ID152,POS,Younger,220,Incorrect,35
ID152,POS,Younger,209,Correct,36
ID152,POS,Younger,288,Correct,37
ID152,POS,Younger,434,Correct,38
ID152,POS,Younger,401,Correct,39
ID152,POS,Younger,423,Correct,40
ID152,POS,Younger,476,Correct,41
ID152,POS,Younger,281,Correct,42
ID152,POS,Younger,482,Correct,43
ID152,POS,Younger,421,Correct,44
ID152,POS,Younger,333,Correct,45
ID152,POS,Younger,393,Correct,46
ID152,POS,Younger,470,Correct,47
ID152,POS,Younger,455,Correct,48
ID152,POS,Younger,354,Correct,49
