ID,COND,AGE,RT,ACC,TRIAL
ID124,NEG,Younger,658,Correct,0
ID124,NEG,Younger,433,Correct,1
ID124,NEG,Younger,512,Correct,2
ID124,NEG,Younger,437,Correct,3
ID124,NEG,Younger,917,Incorrect,4
ID124,NEG,Younger,526,Correct,5
ID124,NEG,Younger,322,Correct,6
ID124,NEG,Younger,576,Correct,7
ID124,NEG,Younger,605,Correct,8
ID124,NEG,Younger,469,Correct,9
ID124,NEG,Younger,104,Correct,10
ID124,NEG,Younger,701,Correct,11
ID124,NEG,Younger,437,Correct,12
ID124,NEG,Younger,86,Correct,13
ID124,NEG,Younger,282,Correct,14
ID124,NEG,Younger,890,Correct,15
ID124,NEG,Younger,687,Correct,16
ID124,NEG,Younger,711,Correct,17
ID124,NEG,Younger,714,Correct,18
ID124,NEG,Younger,495,Incorrect,19
ID124,NEG,Younger,112,Incorrect,20
ID124,NEG,Younger,338,Correct,21
ID124,NEG,Younger,415,Correct,22
ID124,NEG,Younger,138,Correct,23
ID124,NEG,Younger,361,Correct,24
ID124,NEG,Younger,66,Correct,25
ID124,NEG,Younger,43,Correct,26
ID124,NEG,Younger,200,Correct,27
ID124,NEG,Younger,34,Incorrect,28
ID124,NEG,Younger,795,Correct,29
ID124,NEG,Younger,278,Correct,30
ID124,NEG,Younger,659,Correct,31
ID124,NEG,Younger,720,Correct,32
ID124,NEG,Younger,730,Correct,33
ID124,NEG,Younger,594,Correct,34
ID124,NEG,Younger,765,Correct,35
ID124,NEG,Younger,1006,Correct,36
ID124,NEG,Younger,1088,Correct,37
ID124,NEG,Younger,305,Correct,38
ID124,NEG,Younger,246,Incorrect,39
ID124,NEG,Younger,540,Correct,40
ID124,NEG,Younger,506,Correct,41
ID124,NEG,Younger,597,Incorrect,42
ID124,NEG,Younger,364,Correct,43
ID124,NEG,Younger,485,Correct,44
ID124,NEG,Younger,509,Correct,45
ID124,NEG,Younger,44,Correct,46
ID124,NEG,Younger,388,Correct,47
ID124,NEG,Younger,545,Correct,48
