ID,COND,AGE,RT,ACC,TRIAL
ID154,POS,Younger,121,Correct,0
ID154,POS,Younger,249,Correct,1
ID154,POS,Younger,477,Correct,2
ID154,POS,Younger,363,Correct,3
ID154,POS,Younger,395,Correct,4
ID154,POS,Younger,361,Correct,5
ID154,POS,Younger,546,Correct,6
ID154,POS,Younger,160,Correct,7
ID154,POS,Younger,499,Correct,8
ID154,POS,Younger,492,Correct,9
ID154,POS,Younger,709,Correct,10
ID154,POS,Younger,486,Correct,11
ID154,POS,Younger,340,Correct,12
ID154,POS,Younger,214,Correct,13
ID154,POS,Younger,469,Correct,14
ID154,POS,Younger,530,Correct,15
ID154,POS,Younger,465,Incorrect,16
ID154,POS,Younger,559,Correct,17
ID154,POS,Younger,368,Correct,18
ID154,POS,Younger,348,Correct,19
ID154,POS,Younger,403,Correct,20
ID154,POS,Younger,191,Correct,21
ID154,POS,Younger,300,Correct,22
ID154,POS,Younger,255,Correct,23
ID154,POS,Younger,353,Correct,24
ID154,POS,Younger,655,Correct,25
ID154,POS,Younger,359,Correct,26
ID154,POS,Younger,561,Correct,27
ID154,POS,Younger,234,Correct,28
ID154,POS,Younger,262,Correct,29
ID154,POS,Younger,365,Correct,30
ID154,POS,Younger,273,Incorrect,31
ID154,POS,Younger,435,Correct,32
ID154,POS,Younger,338,Correct,33
ID154,POS,Younger,502,Correct,34
ID154,POS,Younger,141,Correct,35
ID154,POS,Younger,538,Correct,36
ID154,POS,Younger,486,Correct,37
ID154,POS,Younger,407,Correct,38
ID154,POS,Younger,519,Correct,39
ID154,POS,Younger,237,Correct,40
ID154,POS,Younger,200,Correct,41
ID154,POS,Younger,224,Correct,42
ID154,POS,Younger,197,Correct,43
ID154,POS,Younger,457,Correct,44
ID154,POS,Younger,299,Correct,45
ID154,POS,Younger,434,Correct,46
ID154,POS,Younger,550,Correct,47
ID154,POS,Younger,195,Correct,48
ID154,POS,Younger,325,Correct,49
