ID,COND,AGE,RT,ACC,TRIAL
ID150,POS,Younger,362,Correct,0
ID150,POS,Younger,419,Correct,1
ID150,POS,Younger,467,Correct,2
ID150,POS,Younger,337,Correct,3
ID150,POS,Younger,359,Correct,4
ID150,POS,Younger,352,Correct,5
ID150,POS,Younger,310,Correct,6
ID150,POS,Younger,322,Incorrect,7
ID150,POS,Younger,312,Correct,8
ID150,POS,Younger,206,Correct,9
ID150,POS,Younger,355,Correct,10
ID150,POS,Younger,444,Correct,11
ID150,POS,Younger,426,Correct,12
ID150,POS,Younger,343,Correct,13
ID150,POS,Younger,373,Correct,14
ID150,POS,Younger,290,Correct,15
ID150,POS,Younger,333,Correct,16
ID150,POS,Younger,434,Correct,17
ID150,POS,Younger,438,Correct,18
ID150,POS,Younger,555,Correct,19
ID150,POS,Younger,360,Correct,20
ID150,POS,Younger,536,Correct,21
ID150,POS,Younger,309,Correct,22
ID150,POS,Younger,341,Correct,23
ID150,POS,Younger,102,Correct,24
ID150,POS,Younger,374,Correct,25
ID150,POS,Younger,393,Correct,26
ID150,POS,Younger,330,Correct,27
ID150,POS,Younger,94,Correct,28
ID150,POS,Younger,70,Correct,29
ID150,POS,Younger,461,Correct,30
ID150,POS,Younger,482,Correct,31
ID150,POS,Younger,134,Correct,32
ID150,POS,Younger,458,Correct,33
ID150,POS,Younger,377,Correct,34
ID150,POS,Younger,240,Correct,35
ID150,POS,Younger,134,Correct,36
ID150,POS,Younger,397,Correct,37
ID150,POS,Younger,361,Correct,38
ID150,POS,Younger,360,Correct,39
ID150,POS,Younger,385,Correct,40
ID150,POS,Younger,206,Correct,41
ID150,POS,Younger,519,Correct,42
ID150,POS,Younger,507,Correct,43
ID150,POS,Younger,247,Correct,44
ID150,POS,Younger,277,Correct,45
ID150,POS,Younger,468,Correct,46
ID150,POS,Younger,581,Correct,47
ID150,POS,Younger,274,Incorrect,48
ID150,POS,Younger,221,Correct,49
