ID,COND,AGE,RT,ACC,TRIAL
ID143,POS,Older,472,Correct,0
ID143,POS,Older,688,Correct,1
ID143,POS,Older,461,Correct,2
ID143,POS,Older,566,Correct,3
ID143,POS,Older,389,Correct,4
ID143,POS,Older,612,Correct,5
ID143,POS,Older,452,Correct,6
ID143,POS,Older,419,Correct,7
ID143,POS,Older,669,Correct,8
ID143,POS,Older,495,Correct,9
ID143,POS,Older,233,Correct,10
ID143,POS,Older,390,Correct,11
ID143,POS,Older,463,Incorrect,12
ID143,POS,Older,193,Correct,13
ID143,POS,Older,318,Correct,14
ID143,POS,Older,275,Incorrect,15
ID143,POS,Older,488,Correct,16
ID143,POS,Older,364,Correct,17
ID143,POS,Older,250,Incorrect,18
ID143,POS,Older,372,Correct,19
ID143,POS,Older,655,Correct,20
ID143,POS,Older,458,Correct,21
ID143,POS,Older,405,Correct,22
ID143,POS,Older,554,Correct,23
ID143,POS,Older,575,Correct,24
ID143,POS,Older,499,Correct,25
ID143,POS,Older,460,Correct,26
ID143,POS,Older,271,Correct,27
ID143,POS,Older,82,Correct,28
ID143,POS,Older,737,Correct,29
ID143,POS,Older,231,Correct,30
ID143,POS,Older,471,Correct,31
ID143,POS,Older,450,Correct,32
ID143,POS,Older,500,Correct,33
ID143,POS,Older,382,Correct,34
ID143,POS,Older,603,Correct,35
ID143,POS,Older,564,Correct,36
ID143,POS,Older,344,Correct,37
ID143,POS,Older,333,Correct,38
ID143,POS,Older,173,Correct,39
ID143,POS,Older,169,Correct,40
ID143,POS,Older,498,Correct,41
ID143,POS,Older,445,Correct,42
ID143,POS,Older,522,Correct,43
ID143,POS,Older,317,Correct,44
ID143,POS,Older,690,Correct,45
ID143,POS,Older,354,Correct,46
ID143,POS,Older,386,Correct,47
ID143,POS,Older,457,Correct,48
ID143,POS,Older,691,Correct,49
