ID,COND,AGE,RT,ACC,TRIAL
ID173,POS,Older,543,Correct,0
ID173,POS,Older,472,Correct,1
ID173,POS,Older,488,Correct,2
ID173,POS,Older,335,Correct,3
ID173,POS,Older,787,Correct,4
ID173,POS,Older,526,Correct,5
ID173,POS,Older,482,Correct,6
ID173,POS,Older,740,Correct,7
ID173,POS,Older,247,Correct,8
ID173,POS,Older,389,Correct,9
ID173,POS,Older,474,Correct,10
ID173,POS,Older,440,Correct,11
ID173,POS,Older,503,Incorrect,12
ID173,POS,Older,333,Correct,13
ID173,POS,Older,480,Incorrect,14
ID173,POS,Older,339,Correct,15
ID173,POS,Older,377,Correct,16
ID173,POS,Older,467,Correct,17
ID173,POS,Older,536,Correct,18
ID173,POS,Older,519,Correct,19
ID173,POS,Older,292,Correct,20
ID173,POS,Older,259,Correct,21
ID173,POS,Older,364,Correct,22
ID173,POS,Older,195,Correct,23
ID173,POS,Older,471,Correct,24
ID173,POS,Older,387,Correct,25
ID173,POS,Older,283,Correct,26
ID173,POS,Older,85,Incorrect,27
ID173,POS,Older,341,Correct,28
ID173,POS,Older,559,Correct,29
ID173,POS,Older,442,Correct,30
ID173,POS,Older,618,Correct,31
ID173,POS,Older,524,Correct,32
ID173,POS,Older,562,Correct,33
ID173,POS,Older,580,Correct,34
ID173,POS,Older,572,Correct,35
ID173,POS,Older,269,Correct,36
ID173,POS,Older,792,Correct,37
ID173,POS,Older,658,Correct,38
ID173,POS,Older,630,Incorrect,39
ID173,POS,Older,412,Correct,40
ID173,POS,Older,449,Correct,41
ID173,POS,Older,498,Correct,42
ID173,POS,Older,632,Correct,43
ID173,POS,Older,476,Incorrect,44
ID173,POS,Older,130,Correct,45
ID173,POS,Older,487,Incorrect,46
ID173,POS,Older,690,Correct,47
ID173,POS,Older,420,Incorrect,48
ID173,POS,Older,467,Correct,49
