ID,COND,AGE,RT,ACC,TRIAL
ID161,POS,Older,492,Correct,0
ID161,POS,Older,721,Correct,1
ID161,POS,Older,412,Correct,2
ID161,POS,Older,551,Correct,3
ID161,POS,Older,252,Correct,4
ID161,POS,Older,641,Correct,5
ID161,POS,Older,292,Correct,6
ID161,POS,Older,468,Correct,7
ID161,POS,Older,423,Incorrect,8
ID161,POS,Older,265,Correct,9
ID161,POS,Older,234,Correct,10
ID161,POS,Older,457,Correct,11
ID161,POS,Older,438,Correct,12
ID161,POS,Older,314,Correct,13
ID161,POS,Older,628,Correct,14
ID161,POS,Older,605,Correct,15
ID161,POS,Older,565,Incorrect,16
ID161,POS,Older,381,Correct,17
ID161,POS,Older,221,Incorrect,18
ID161,POS,Older,426,Correct,19
ID161,POS,Older,399,Correct,20
ID161,POS,Older,462,Correct,21
ID161,POS,Older,489,Incorrect,22
ID161,POS,Older,298,Correct,23
ID161,POS,Older,280,Correct,24
ID161,POS,Older,571,Correct,25
ID161,POS,Older,427,Incorrect,26
ID161,POS,Older,377,Correct,27
ID161,POS,Older,411,Correct,28
ID161,POS,Older,448,Correct,29
ID161,POS,Older,587,Correct,30
ID161,POS,Older,647,Correct,31
ID161,POS,Older,621,Incorrect,32
ID161,POS,Older,499,Correct,33
ID161,POS,Older,284,Correct,34
ID161,POS,Older,349,Correct,35
ID161,POS,Older,452,Correct,36
ID161,POS,Older,578,Correct,37
ID161,POS,Older,224,Correct,38
ID161,POS,Older,643,Correct,39
ID161,POS,Older,627,Correct,40
ID161,POS,Older,655,Correct,41
ID161,POS,Older,480,Correct,42
ID161,POS,Older,511,Correct,43
ID161,POS,Older,798,Correct,44
ID161,POS,Older,469,Incorrect,45
ID161,POS,Older,492,Correct,46
ID161,POS,Older,154,Correct,47
ID161,POS,Older,392,Incorrect,48
ID161,POS,Older,143,Correct,49
