ID,COND,AGE,RT,ACC,TRIAL
ID155,NEG,Older,568,Correct,0
ID155,NEG,Older,234,Correct,1
ID155,NEG,Older,620,Correct,2
ID155,NEG,Older,675,Correct,3
ID155,NEG,Older,698,Correct,4
ID155,NEG,Older,386,Correct,5
ID155,NEG,Older,412,Correct,6
ID155,NEG,Older,561,Incorrect,7
ID155,NEG,Older,1037,Correct,8
ID155,NEG,Older,321,Correct,9
ID155,NEG,Older,865,Correct,10
ID155,NEG,Older,829,Correct,11
ID155,NEG,Older,421,Correct,12
ID155,NEG,Older,523,Correct,13
ID155,NEG,Older,555,Correct,14
ID155,NEG,Older,309,Incorrect,15
ID155,NEG,Older,848,Correct,16
ID155,NEG,Older,645,Correct,17
ID155,NEG,Older,762,Correct,18
ID155,NEG,Older,687,Correct,19
ID155,NEG,Older,983,Correct,20
ID155,NEG,Older,846,Correct,21
ID155,NEG,Older,715,Correct,22
ID155,NEG,Older,807,Correct,23
ID155,NEG,Older,800,Correct,24
ID155,NEG,Older,804,Correct,25
ID155,NEG,Older,453,Correct,26
ID155,NEG,Older,831,Correct,27
ID155,NEG,Older,809,Correct,28
ID155,NEG,Older,217,Incorrect,29
ID155,NEG,Older,332,Correct,30
ID155,NEG,Older,248,Incorrect,31
ID155,NEG,Older,364,Correct,32
ID155,NEG,Older,447,Incorrect,33
ID155,NEG,Older,234,Incorrect,34
ID155,NEG,Older,104,Correct,35
ID155,NEG,Older,787,Correct,36
ID155,NEG,Older,889,Correct,37
ID155,NEG,Older,33,Correct,38
ID155,NEG,Older,863,Correct,39
ID155,NEG,Older,584,Correct,40
ID155,NEG,Older,543,Correct,41
ID155,NEG,Older,833,Correct,42
ID155,NEG,Older,594,Correct,43
ID155,NEG,Older,708,Correct,44
ID155,NEG,Older,708,Correct,45
ID155,NEG,Older,573,Correct,46
ID155,NEG,Older,448,Correct,47
ID155,NEG,Older,748,Correct,48
ID155,NEG,Older,839,Correct,49
