ID,COND,AGE,RT,ACC,TRIAL
ID153,POS,Older,465,Correct,0
ID153,POS,Older,411,Correct,1
ID153,POS,Older,590,Correct,2
ID153,POS,Older,384,Correct,3
ID153,POS,Older,50,Correct,4
ID153,POS,Older,446,Incorrect,5
ID153,POS,Older,624,Correct,6
ID153,POS,Older,401,Correct,7
ID153,POS,Older,199,Correct,8
ID153,POS,Older,321,Correct,9
ID153,POS,Older,572,Correct,10
ID153,POS,Older,323,Correct,11
ID153,POS,Older,279,Correct,12
ID153,POS,Older,373,Correct,13
ID153,POS,Older,391,Correct,14
ID153,POS,Older,579,Correct,15
ID153,POS,Older,339,Correct,16
ID153,POS,Older,508,Correct,17
ID153,POS,Older,427,Correct,18
ID153,POS,Older,546,Correct,19
ID153,POS,Older,620,Correct,20
ID153,POS,Older,81,Correct,21
ID153,POS,Older,517,Correct,22
ID153,POS,Older,354,Incorrect,23
ID153,POS,Older,405,Correct,24
ID153,POS,Older,707,Correct,25
ID153,POS,Older,553,Incorrect,26
ID153,POS,Older,419,Incorrect,27
ID153,POS,Older,626,Incorrect,28
ID153,POS,Older,838,Correct,29
ID153,POS,Older,466,Correct,30
ID153,POS,Older,429,Correct,31
ID153,POS,Older,216,Correct,32
ID153,POS,Older,462,Correct,33
ID153,POS,Older,275,Correct,34
ID153,POS,Older,157,Correct,35
ID153,POS,Older,359,Correct,36
ID153,POS,Older,269,Correct,37
ID153,POS,Older,637,Correct,38
ID153,POS,Older,622,Correct,39
ID153,POS,Older,584,Correct,40
ID153,POS,Older,705,Correct,41
ID153,POS,Older,309,Correct,42
ID153,POS,Older,613,Correct,43
ID153,POS,Older,508,Correct,44
ID153,POS,Older,545,Correct,45
ID153,POS,Older,498,Correct,46
ID153,POS,Older,715,Correct,47
ID153,POS,Older,463,Correct,48
ID153,POS,Older,299,Correct,49
