ID,COND,AGE,RT,ACC,TRIAL
ID128,POS,Younger,255,Correct,0
ID128,POS,Younger,292,Correct,1
ID128,POS,Younger,395,Correct,2
ID128,POS,Younger,528,Correct,3
ID128,POS,Younger,523,Correct,4
ID128,POS,Younger,338,Correct,5
ID128,POS,Younger,430,Correct,6
ID128,POS,Younger,142,Correct,7
ID128,POS,Younger,449,Correct,8
ID128,POS,Younger,345,Correct,9
ID128,POS,Younger,383,Correct,10
ID128,POS,Younger,612,Correct,11
ID128,POS,Younger,195,Correct,12
ID128,POS,Younger,510,Correct,13
ID128,POS,Younger,305,Correct,14
ID128,POS,Younger,354,Correct,15
ID128,POS,Younger,204,Correct,16
ID128,POS,Younger,347,Correct,17
ID128,POS,Younger,643,Correct,18
ID128,POS,Younger,231,Correct,19
ID128,POS,Younger,523,Correct,20
ID128,POS,Younger,503,Correct,21
ID128,POS,Younger,337,Correct,22
ID128,POS,Younger,282,Correct,23
ID128,POS,Younger,293,Correct,24
ID128,POS,Younger,415,Correct,25
ID128,POS,Younger,688,Correct,26
ID128,POS,Younger,631,Correct,27
ID128,POS,Younger,450,Correct,28
ID128,POS,Younger,392,Correct,29
ID128,POS,Younger,254,Correct,30
ID128,POS,Younger,269,Incorrect,31
ID128,POS,Younger,313,Correct,32
ID128,POS,Younger,319,Correct,33
ID128,POS,Younger,372,Correct,34
ID128,POS,Younger,481,Correct,35
ID128,POS,Younger,444,Correct,36
ID128,POS,Younger,330,Correct,37
ID128,POS,Younger,331,Correct,38
ID128,POS,Younger,379,Correct,39
ID128,POS,Younger,458,Correct,40
ID128,POS,Younger,555,Correct,41
ID128,POS,Younger,250,Correct,42
ID128,POS,Younger,154,Correct,43
ID128,POS,Younger,383,Correct,44
ID128,POS,Younger,705,Correct,45
ID128,POS,Younger,333,Correct,46
ID128,POS,Younger,308,Correct,47
ID128,POS,Younger,364,Correct,48
ID128,POS,Younger,210,Correct,49
