ID,COND,AGE,RT,ACC,TRIAL
ID147,NEG,Older,989,Correct,0
ID147,NEG,Older,614,Correct,1
ID147,NEG,Older,366,Correct,2
ID147,NEG,Older,174,Correct,3
ID147,NEG,Older,479,Correct,4
ID147,NEG,Older,535,Correct,5
ID147,NEG,Older,506,Correct,6
ID147,NEG,Older,37,Correct,7
ID147,NEG,Older,869,Correct,8
ID147,NEG,Older,891,Correct,9
ID147,NEG,Older,929,Correct,10
ID147,NEG,Older,486,Incorrect,11
ID147,NEG,Older,1051,Correct,12
ID147,NEG,Older,428,Correct,13
ID147,NEG,Older,1374,Correct,14
ID147,NEG,Older,831,Correct,15
ID147,NEG,Older,744,Correct,16
ID147,NEG,Older,644,Correct,17
ID147,NEG,Older,333,Correct,18
ID147,NEG,Older,257,Correct,19
ID147,NEG,Older,973,Incorrect,20
ID147,NEG,Older,707,Correct,21
ID147,NEG,Older,748,Correct,22
ID147,NEG,Older,932,Correct,23
ID147,NEG,Older,694,Correct,24
ID147,NEG,Older,227,Correct,25
ID147,NEG,Older,846,Correct,26
ID147,NEG,Older,530,Correct,27
ID147,NEG,Older,470,Correct,28
ID147,NEG,Older,410,Correct,29
ID147,NEG,Older,880,Correct,30
ID147,NEG,Older,756,Correct,31
ID147,NEG,Older,745,Correct,32
ID147,NEG,Older,589,Correct,33
ID147,NEG,Older,483,Correct,34
ID147,NEG,Older,511,Correct,35
ID147,NEG,Older,1114,Correct,36
ID147,NEG,Older,877,Correct,37
ID147,NEG,Older,445,Correct,38
ID147,NEG,Older,449,Incorrect,39
ID147,NEG,Older,469,Correct,40
ID147,NEG,Older,415,Correct,41
ID147,NEG,Older,801,Correct,42
ID147,NEG,Older,572,Correct,43
ID147,NEG,Older,603,Correct,44
ID147,NEG,Older,434,Correct,45
ID147,NEG,Older,997,Incorrect,46
ID147,NEG,Older,687,Incorrect,47
ID147,NEG,Older,875,Incorrect,48
