ID,COND,AGE,RT,ACC,TRIAL
ID131,POS,Older,760,Incorrect,0
ID131,POS,Older,263,Correct,1
ID131,POS,Older,535,Correct,2
ID131,POS,Older,535,Correct,3
ID131,POS,Older,202,Correct,4
ID131,POS,Older,751,Correct,5
ID131,POS,Older,363,Correct,6
ID131,POS,Older,480,Correct,7
ID131,POS,Older,193,Correct,8
ID131,POS,Older,597,Correct,9
ID131,POS,Older,518,Correct,10
ID131,POS,Older,333,Correct,11
ID131,POS,Older,217,Correct,12
ID131,POS,Older,549,Correct,13
ID131,POS,Older,765,Correct,14
ID131,POS,Older,376,Correct,15
ID131,POS,Older,339,Correct,16
ID131,POS,Older,298,Correct,17
ID131,POS,Older,538,Correct,18
ID131,POS,Older,272,Correct,19
ID131,POS,Older,217,Correct,20
ID131,POS,Older,555,Correct,21
ID131,POS,Older,497,Correct,22
ID131,POS,Older,278,Correct,23
ID131,POS,Older,432,Correct,24
ID131,POS,Older,368,Correct,25
ID131,POS,Older,434,Correct,26
ID131,POS,Older,714,Correct,27
ID131,POS,Older,612,Correct,28
ID131,POS,Older,703,Correct,29
ID131,POS,Older,758,Correct,30
ID131,POS,Older,246,Correct,31
ID131,POS,Older,579,Correct,32
ID131,POS,Older,439,Correct,33
ID131,POS,Older,552,Correct,34
ID131,POS,Older,341,Correct,35
ID131,POS,Older,366,Correct,36
ID131,POS,Older,703,Correct,37
ID131,POS,Older,488,Incorrect,38
ID131,POS,Older,616,Correct,39
ID131,POS,Older,284,Correct,40
ID131,POS,Older,217,Correct,41
ID131,POS,Older,636,Incorrect,42
ID131,POS,Older,661,Correct,43
ID131,POS,Older,405,Correct,44
ID131,POS,Older,438,Correct,45
ID131,POS,Older,440,Correct,46
ID131,POS,Older,767,Correct,47
ID131,POS,Older,396,Correct,48
ID131,POS,Older,286,Correct,49
