ID,COND,AGE,RT,ACC,TRIAL
ID168,NEG,Younger,19,Correct,0
ID168,NEG,Younger,521,Incorrect,1
ID168,NEG,Younger,692,Correct,2
ID168,NEG,Younger,947,Correct,3
ID168,NEG,Younger,574,Correct,4
ID168,NEG,Younger,723,Correct,5
ID168,NEG,Younger,595,Correct,6
ID168,NEG,Younger,456,Correct,7
ID168,NEG,Younger,198,Correct,8
ID168,NEG,Younger,424,Correct,9
ID168,NEG,Younger,410,Correct,10
ID168,NEG,Younger,514,Correct,11
ID168,NEG,Younger,443,Correct,12
ID168,NEG,Younger,384,Correct,13
ID168,NEG,Younger,189,Correct,14
ID168,NEG,Younger,454,Correct,15
ID168,NEG,Younger,760,Correct,16
ID168,NEG,Younger,367,Correct,17
ID168,NEG,Younger,344,Correct,18
ID168,NEG,Younger,471,Correct,19
ID168,NEG,Younger,184,Correct,20
ID168,NEG,Younger,533,Correct,21
ID168,NEG,Younger,562,Correct,22
ID168,NEG,Younger,823,Correct,23
ID168,NEG,Younger,311,Correct,24
ID168,NEG,Younger,640,Correct,25
ID168,NEG,Younger,695,Correct,26
ID168,NEG,Younger,580,Correct,27
ID168,NEG,Younger,780,Correct,28
ID168,NEG,Younger,288,Correct,29
ID168,NEG,Younger,820,Correct,30
ID168,NEG,Younger,645,Correct,31
ID168,NEG,Younger,551,Correct,32
ID168,NEG,Younger,748,Correct,33
ID168,NEG,Younger,473,Correct,34
ID168,NEG,Younger,599,Correct,35
ID168,NEG,Younger,422,Correct,36
ID168,NEG,Younger,667,Correct,37
ID168,NEG,Younger,639,Correct,38
ID168,NEG,Younger,734,Incorrect,39
ID168,NEG,Younger,673,Correct,40
ID168,NEG,Younger,136,Correct,41
ID168,NEG,Younger,540,Correct,42
ID168,NEG,Younger,757,Incorrect,43
ID168,NEG,Younger,560,Correct,44
ID168,NEG,Younger,625,Correct,45
ID168,NEG,Younger,632,Correct,46
ID168,NEG,Younger,414,Correct,47
ID168,NEG,Younger,787,Correct,48
