ID,COND,AGE,RT,ACC,TRIAL
ID136,NEG,Younger,242,Correct,0
ID136,NEG,Younger,454,Correct,1
ID136,NEG,Younger,522,Correct,2
ID136,NEG,Younger,621,Correct,3
ID136,NEG,Younger,557,Correct,4
ID136,NEG,Younger,643,Correct,5
ID136,NEG,Younger,322,Correct,6
ID136,NEG,Younger,595,Correct,7
ID136,NEG,Younger,330,Correct,8
ID136,NEG,Younger,350,Correct,9
ID136,NEG,Younger,501,Correct,10
ID136,NEG,Younger,534,Correct,11
ID136,NEG,Younger,491,Correct,12
ID136,NEG,Younger,395,Correct,13
ID136,NEG,Younger,421,Correct,14
ID136,NEG,Younger,647,Correct,15
ID136,NEG,Younger,782,Correct,16
ID136,NEG,Younger,307,Correct,17
ID136,NEG,Younger,669,Correct,18
ID136,NEG,Younger,636,Correct,19
ID136,NEG,Younger,462,Correct,20
ID136,NEG,Younger,293,Correct,21
ID136,NEG,Younger,879,Correct,22
ID136,NEG,Younger,817,Correct,23
ID136,NEG,Younger,728,Incorrect,24
ID136,NEG,Younger,596,Correct,25
ID136,NEG,Younger,877,Correct,26
ID136,NEG,Younger,505,Correct,27
ID136,NEG,Younger,510,Correct,28
ID136,NEG,Younger,425,Correct,29
ID136,NEG,Younger,734,Incorrect,30
ID136,NEG,Younger,403,Correct,31
ID136,NEG,Younger,611,Correct,32
ID136,NEG,Younger,769,Correct,33
ID136,NEG,Younger,653,Correct,34
ID136,NEG,Younger,261,Correct,35
ID136,NEG,Younger,395,Correct,36
ID136,NEG,Younger,738,Correct,37
ID136,NEG,Younger,647,Correct,38
ID136,NEG,Younger,818,Correct,39
ID136,NEG,Younger,221,Incorrect,40
ID136,NEG,Younger,291,Correct,41
ID136,NEG,Younger,226,Incorrect,42
ID136,NEG,Younger,434,Correct,43
ID136,NEG,Younger,373,Correct,44
ID136,NEG,Younger,573,Incorrect,45
ID136,NEG,Younger,687,Correct,46
ID136,NEG,Younger,515,Incorrect,47
ID136,NEG,Younger,303,Correct,48
ID136,NEG,Younger,609,Correct,49
