ID,COND,AGE,RT,ACC,TRIAL
ID112,POS,Younger,369,Correct,0
ID112,POS,Younger,248,Correct,1
ID112,POS,Younger,463,Incorrect,2
ID112,POS,Younger,304,Correct,3
ID112,POS,Younger,16,Correct,4
ID112,POS,Younger,230,Correct,5
ID112,POS,Younger,156,Correct,6
ID112,POS,Younger,285,Correct,7
ID112,POS,Younger,535,Correct,8
ID112,POS,Younger,273,Correct,9
ID112,POS,Younger,439,Correct,10
ID112,POS,Younger,414,Correct,11
ID112,POS,Younger,475,Incorrect,12
ID112,POS,Younger,473,Correct,13
ID112,POS,Younger,383,Correct,14
ID112,POS,Younger,391,Correct,15
ID112,POS,Younger,457,Correct,16
ID112,POS,Younger,370,Correct,17
ID112,POS,Younger,549,Correct,18
ID112,POS,Younger,330,Correct,19
ID112,POS,Younger,270,Correct,20
ID112,POS,Younger,349,Correct,21
ID112,POS,Younger,238,Correct,22
ID112,POS,Younger,75,Correct,23
ID112,POS,Younger,519,Correct,24
ID112,POS,Younger,732,Correct,25
ID112,POS,Younger,437,Correct,26
ID112,POS,Younger,331,Correct,27
ID112,POS,Younger,263,Correct,28
ID112,POS,Younger,268,Correct,29
ID112,POS,Younger,453,Correct,30
ID112,POS,Younger,263,Correct,31
ID112,POS,Younger,531,Correct,32
ID112,POS,Younger,258,Correct,33
ID112,POS,Younger,523,Correct,34
ID112,POS,Younger,340,Correct,35
ID112,POS,Younger,367,Correct,36
ID112,POS,Younger,361,Correct,37
ID112,POS,Younger,358,Correct,38
ID112,POS,Younger,240,Correct,39
ID112,POS,Younger,113,Correct,40
ID112,POS,Younger,226,Correct,41
ID112,POS,Younger,197,Correct,42
ID112,POS,Younger,684,Correct,43
ID112,POS,Younger,392,Correct,44
ID112,POS,Younger,369,Correct,45
ID112,POS,Younger,361,Correct,46
ID112,POS,Younger,435,Correct,47
ID112,POS,Younger,366,Correct,48
ID112,POS,Younger,330,Correct,49
