ID,COND,AGE,RT,ACC,TRIAL
ID129,NEG,Older,875,Correct,0
ID129,NEG,Older,566,Correct,1
ID129,NEG,Older,256,Correct,2
ID129,NEG,Older,590,Incorrect,3
ID129,NEG,Older,736,Correct,4
ID129,NEG,Older,997,Correct,5
ID129,NEG,Older,867,Incorrect,6
ID129,NEG,Older,641,Correct,7
ID129,NEG,Older,813,Correct,8
ID129,NEG,Older,617,Correct,9
ID129,NEG,Older,361,Correct,10
ID129,NEG,Older,713,Correct,11
ID129,NEG,Older,504,Correct,12
ID129,NEG,Older,943,Correct,13
ID129,NEG,Older,873,Correct,14
ID129,NEG,Older,732,Incorrect,15
ID129,NEG,Older,696,Incorrect,16
ID129,NEG,Older,760,Correct,17
ID129,NEG,Older,379,Correct,18
ID129,NEG,Older,254,Correct,19
ID129,NEG,Older,599,Incorrect,20
ID129,NEG,Older,876,Correct,21
ID129,NEG,Older,655,Correct,22
ID129,NEG,Older,736,Correct,23
ID129,NEG,Older,836,Correct,24
ID129,NEG,Older,370,Correct,25
ID129,NEG,Older,484,Correct,26
ID129,NEG,Older,268,Correct,27
ID129,NEG,Older,603,Correct,28
ID129,NEG,Older,739,Correct,29
ID129,NEG,Older,395,Correct,30
ID129,NEG,Older,436,Correct,31
ID129,NEG,Older,878,Correct,32
ID129,NEG,Older,483,Correct,33
ID129,NEG,Older,412,Correct,34
ID129,NEG,Older,786,Correct,35
ID129,NEG,Older,618,Correct,36
ID129,NEG,Older,326,Correct,37
ID129,NEG,Older,931,Correct,38
ID129,NEG,Older,376,Incorrect,39
ID129,NEG,Older,953,Correct,40
ID129,NEG,Older,556,Correct,41
ID129,NEG,Older,550,Correct,42
ID129,NEG,Older,435,Correct,43
ID129,NEG,Older,619,Correct,44
ID129,NEG,Older,845,Correct,45
ID129,NEG,Older,717,Correct,46
ID129,NEG,Older,488,Correct,47
ID129,NEG,Older,794,Correct,48
