ID,COND,AGE,RT,ACC,TRIAL
ID127,POS,Older,206,Correct,0
ID127,POS,Older,374,Correct,1
ID127,POS,Older,440,Correct,2
ID127,POS,Older,240,Correct,3
ID127,POS,Older,200,Correct,4
ID127,POS,Older,428,Correct,5
ID127,POS,Older,444,Correct,6
ID127,POS,Older,416,Correct,7
ID127,POS,Older,335,Correct,8
ID127,POS,Older,343,Correct,9
ID127,POS,Older,312,Correct,10
ID127,POS,Older,757,Correct,11
ID127,POS,Older,227,Correct,12
ID127,POS,Older,525,Correct,13
ID127,POS,Older,40,Correct,14
ID127,POS,Older,552,Correct,15
ID127,POS,Older,449,Correct,16
ID127,POS,Older,113,Correct,17
ID127,POS,Older,414,Correct,18
ID127,POS,Older,835,Correct,19
ID127,POS,Older,527,Incorrect,20
ID127,POS,Older,424,Correct,21
ID127,POS,Older,460,Incorrect,22
ID127,POS,Older,535,Correct,23
ID127,POS,Older,324,Correct,24
ID127,POS,Older,702,Correct,25
ID127,POS,Older,346,Correct,26
ID127,POS,Older,325,Correct,27
ID127,POS,Older,299,Correct,28
ID127,POS,Older,461,Correct,29
ID127,POS,Older,220,Correct,30
ID127,POS,Older,386,Correct,31
ID127,POS,Older,114,Correct,32
ID127,POS,Older,478,Correct,33
ID127,POS,Older,359,Correct,34
ID127,POS,Older,613,Correct,35
ID127,POS,Older,526,Correct,36
ID127,POS,Older,388,Incorrect,37
ID127,POS,Older,546,Correct,38
ID127,POS,Older,696,Correct,39
ID127,POS,Older,264,Correct,40
ID127,POS,Older,549,Correct,41
ID127,POS,Older,554,Correct,42
ID127,POS,Older,617,Incorrect,43
ID127,POS,Older,569,Correct,44
ID127,POS,Older,418,Correct,45
ID127,POS,Older,457,Correct,46
ID127,POS,Older,178,Correct,47
ID127,POS,Older,741,Correct,48
ID127,POS,Older,304,Correct,49
