ID,COND,AGE,RT,ACC,TRIAL
ID178,POS,Younger,320,Correct,0
ID178,POS,Younger,442,Correct,1
ID178,POS,Younger,271,Correct,2
ID178,POS,Younger,618,Correct,3
ID178,POS,Younger,247,Correct,4
ID178,POS,Younger,304,Correct,5
ID178,POS,Younger,510,Correct,6
ID178,POS,Younger,299,Correct,7
ID178,POS,Younger,245,Incorrect,8
ID178,POS,Younger,538,Correct,9
ID178,POS,Younger,393,Correct,10
ID178,POS,Younger,493,Correct,11
ID178,POS,Younger,249,Correct,12
ID178,POS,Younger,177,Correct,13
ID178,POS,Younger,503,Correct,14
ID178,POS,Younger,100,Correct,15
ID178,POS,Younger,338,Correct,16
ID178,POS,Younger,153,Correct,17
ID178,POS,Younger,473,Correct,18
ID178,POS,Younger,349,Correct,19
ID178,POS,Younger,537,Correct,20
ID178,POS,Younger,202,Correct,21
ID178,POS,Younger,241,Correct,22
ID178,POS,Younger,212,Correct,23
ID178,POS,Younger,83,Correct,24
ID178,POS,Younger,132,Correct,25
ID178,POS,Younger,387,Correct,26
ID178,POS,Younger,239,Correct,27
ID178,POS,Younger,153,Correct,28
ID178,POS,Younger,347,Correct,29
ID178,POS,Younger,240,Correct,30
ID178,POS,Younger,535,Incorrect,31
ID178,POS,Younger,286,Correct,32
ID178,POS,Younger,403,Correct,33
ID178,POS,Younger,455,Correct,34
ID178,POS,Younger,388,Correct,35
ID178,POS,Younger,338,Correct,36
ID178,POS,Younger,375,Correct,37
ID178,POS,Younger,468,Incorrect,38
ID178,POS,Younger,187,Correct,39
ID178,POS,Younger,333,Incorrect,40
ID178,POS,Younger,349,Correct,41
ID178,POS,Younger,409,Incorrect,42
ID178,POS,Younger,427,Correct,43
ID178,POS,Younger,219,Correct,44
ID178,POS,Younger,256,Correct,45
ID178,POS,Younger,461,Correct,46
ID178,POS,Younger,354,Correct,47
ID178,POS,Younger,370,Correct,48
ID178,POS,Younger,557,Correct,49
