ID,COND,AGE,RT,ACC,TRIAL
ID126,NEG,Younger,495,Correct,0
ID126,NEG,Younger,196,Correct,1
ID126,NEG,Younger,550,Correct,2
ID126,NEG,Younger,336,Correct,3
ID126,NEG,Younger,491,Correct,4
ID126,NEG,Younger,808,Correct,5
ID126,NEG,Younger,638,Correct,6
ID126,NEG,Younger,852,Correct,7
ID126,NEG,Younger,455,Correct,8
ID126,NEG,Younger,455,Correct,9
ID126,NEG,Younger,474,Correct,10
ID126,NEG,Younger,351,Correct,11
ID126,NEG,Younger,701,Correct,12
ID126,NEG,Younger,818,Correct,13
ID126,NEG,Younger,485,Incorrect,14
ID126,NEG,Younger,614,Correct,15
ID126,NEG,Younger,565,Correct,16
ID126,NEG,Younger,337,Incorrect,17
ID126,NEG,Younger,436,Correct,18
ID126,NEG,Younger,160,Correct,19
ID126,NEG,Younger,456,Correct,20
ID126,NEG,Younger,428,Correct,21
ID126,NEG,Younger,974,Correct,22
ID126,NEG,Younger,566,Incorrect,23
ID126,NEG,Younger,620,Correct,24
ID126,NEG,Younger,495,Correct,25
ID126,NEG,Younger,476,Correct,26
ID126,NEG,Younger,523,Correct,27
ID126,NEG,Younger,540,Correct,28
ID126,NEG,Younger,399,Correct,29
ID126,NEG,Younger,270,Incorrect,30
ID126,NEG,Younger,350,Correct,31
ID126,NEG,Younger,445,Correct,32
ID126,NEG,Younger,531,Incorrect,33
ID126,NEG,Younger,154,Correct,34
ID126,NEG,Younger,545,Incorrect,35
ID126,NEG,Younger,134,Correct,36
ID126,NEG,Younger,630,Correct,37
ID126,NEG,Younger,796,Correct,38
ID126,NEG,Younger,100,Correct,39
ID126,NEG,Younger,143,Correct,40
ID126,NEG,Younger,604,Correct,41
ID126,NEG,Younger,385,Correct,42
ID126,NEG,Younger,585,Correct,43
ID126,NEG,Younger,557,Incorrect,44
ID126,NEG,Younger,333,Correct,45
ID126,NEG,Younger,243,Incorrect,46
ID126,NEG,Younger,464,Incorrect,47
ID126,NEG,Younger,797,Correct,48
ID126,NEG,Younger,282,Correct,49
