ID,COND,AGE,RT,ACC,TRIAL
ID111,NEG,Older,268,Correct,0
ID111,NEG,Older,818,Incorrect,1
ID111,NEG,Older,787,Correct,2
ID111,NEG,Older,671,Incorrect,3
ID111,NEG,Older,241,Correct,4
ID111,NEG,Older,914,Correct,5
ID111,NEG,Older,244,Correct,6
ID111,NEG,Older,414,Correct,7
ID111,NEG,Older,910,Correct,8
ID111,NEG,Older,410,Correct,9
ID111,NEG,Older,602,Correct,10
ID111,NEG,Older,577,Correct,11
ID111,NEG,Older,749,Correct,12
ID111,NEG,Older,408,Correct,13
ID111,NEG,Older,746,Correct,14
ID111,NEG,Older,767,Correct,15
ID111,NEG,Older,693,Correct,16
ID111,NEG,Older,797,Correct,17
ID111,NEG,Older,95,Correct,18
ID111,NEG,Older,670,Incorrect,19
ID111,NEG,Older,399,Correct,20
ID111,NEG,Older,551,Correct,21
ID111,NEG,Older,713,Correct,22
ID111,NEG,Older,272,Correct,23
ID111,NEG,Older,486,Correct,24
ID111,NEG,Older,734,Correct,25
ID111,NEG,Older,713,Correct,26
ID111,NEG,Older,637,Correct,27
ID111,NEG,Older,738,Incorrect,28
ID111,NEG,Older,755,Correct,29
ID111,NEG,Older,768,Correct,30
ID111,NEG,Older,911,Correct,31
ID111,NEG,Older,696,Correct,32
ID111,NEG,Older,468,Correct,33
ID111,NEG,Older,497,Correct,34
ID111,NEG,Older,595,Correct,35
ID111,NEG,Older,636,Correct,36
ID111,NEG,Older,443,Correct,37
ID111,NEG,Older,514,Correct,38
ID111,NEG,Older,267,Correct,39
ID111,NEG,Older,844,Correct,40
ID111,NEG,Older,1055,Correct,41
ID111,NEG,Older,622,Correct,42
ID111,NEG,Older,786,Correct,43
ID111,NEG,Older,878,Correct,44
ID111,NEG,Older,591,Correct,45
ID111,NEG,Older,313,Incorrect,46
ID111,NEG,Older,501,Correct,47
ID111,NEG,Older,885,Correct,48
