ID,COND,AGE,RT,ACC,TRIAL
ID165,POS,Older,501,Correct,0
ID165,POS,Older,514,Correct,1
ID165,POS,Older,677,Correct,2
ID165,POS,Older,465,Correct,3
ID165,POS,Older,424,Correct,4
ID165,POS,Older,483,Correct,5
ID165,POS,Older,403,Correct,6
ID165,POS,Older,316,Correct,7
ID165,POS,Older,480,Correct,8
ID165,POS,Older,532,Correct,9
ID165,POS,Older,346,Correct,10
ID165,POS,Older,526,Correct,11
ID165,POS,Older,538,Correct,12
ID165,POS,Older,444,Correct,13
ID165,POS,Older,624,Correct,14
ID165,POS,Older,387,Correct,15
ID165,POS,Older,429,Correct,16
ID165,POS,Older,605,Correct,17
ID165,POS,Older,1035,Correct,18
ID165,POS,Older,429,Correct,19
ID165,POS,Older,441,Correct,20
ID165,POS,Older,540,Incorrect,21
ID165,POS,Older,349,Correct,22
ID165,POS,Older,455,Correct,23
ID165,POS,Older,522,Correct,24
ID165,POS,Older,325,Correct,25
ID165,POS,Older,673,Correct,26
ID165,POS,Older,387,Correct,27
ID165,POS,Older,236,Correct,28
ID165,POS,Older,489,Correct,29
ID165,POS,Older,641,Correct,30
ID165,POS,Older,539,Correct,31
ID165,POS,Older,539,Correct,32
ID165,POS,Older,210,Correct,33
ID165,POS,Older,124,Correct,34
ID165,POS,Older,488,Correct,35
ID165,POS,Older,521,Correct,36
ID165,POS,Older,521,Correct,37
ID165,POS,Older,394,Correct,38
ID165,POS,Older,289,Incorrect,39
ID165,POS,Older,542,Correct,40
ID165,POS,Older,451,Correct,41
ID165,POS,Older,653,Correct,42
ID165,POS,Older,361,Correct,43
ID165,POS,Older,340,Correct,44
ID165,POS,Older,395,Correct,45
ID165,POS,Older,438,Correct,46
ID165,POS,Older,146,Correct,47
ID165,POS,Older,491,Correct,48
ID165,POS,Older,557,Correct,49
