ID,COND,AGE,RT,ACC,TRIAL
ID169,NEG,Older,646,Correct,0
ID169,NEG,Older,386,Correct,1
ID169,NEG,Older,735,Incorrect,2
ID169,NEG,Older,646,Correct,3
ID169,NEG,Older,474,Correct,4
ID169,NEG,Older,339,Correct,5
ID169,NEG,Older,689,Correct,6
ID169,NEG,Older,539,Correct,7
ID169,NEG,Older,788,Correct,8
ID169,NEG,Older,854,Correct,9
ID169,NEG,Older,511,Correct,10
ID169,NEG,Older,570,Correct,11
ID169,NEG,Older,1404,Correct,12
ID169,NEG,Older,722,Correct,13
ID169,NEG,Older,817,Correct,14
ID169,NEG,Older,365,Correct,15
ID169,NEG,Older,733,Correct,16
ID169,NEG,Older,1117,Correct,17
ID169,NEG,Older,901,Correct,18
ID169,NEG,Older,481,Correct,19
ID169,NEG,Older,1020,Correct,20
ID169,NEG,Older,558,Correct,21
ID169,NEG,Older,1125,Correct,22
ID169,NEG,Older,377,Correct,23
ID169,NEG,Older,629,Correct,24
ID169,NEG,Older,543,Correct,25
ID169,NEG,Older,907,Correct,26
ID169,NEG,Older,680,Correct,27
ID169,NEG,Older,743,Correct,28
ID169,NEG,Older,940,Correct,29
ID169,NEG,Older,821,Correct,30
ID169,NEG,Older,955,Correct,31
ID169,NEG,Older,668,Correct,32
ID169,NEG,Older,770,Correct,33
ID169,NEG,Older,55,Correct,34
ID169,NEG,Older,286,Correct,35
ID169,NEG,Older,542,Correct,36
ID169,NEG,Older,716,Correct,37
ID169,NEG,Older,849,Incorrect,38
ID169,NEG,Older,855,Correct,39
ID169,NEG,Older,222,Correct,40
ID169,NEG,Older,487,Correct,41
ID169,NEG,Older,707,Correct,42
ID169,NEG,Older,508,Correct,43
ID169,NEG,Older,553,Correct,44
ID169,NEG,Older,1206,Correct,45
ID169,NEG,Older,523,Correct,46
ID169,NEG,Older,384,Correct,47
ID169,NEG,Older,932,Correct,48
ID169,NEG,Older,643,Correct,49
