ID,COND,AGE,RT,ACC,TRIAL
ID151,NEG,Older,335,Correct,0
ID151,NEG,Older,303,Correct,1
ID151,NEG,Older,265,Correct,2
ID151,NEG,Older,961,Correct,3
ID151,NEG,Older,1005,Correct,4
ID151,NEG,Older,639,Correct,5
ID151,NEG,Older,868,Correct,6
ID151,NEG,Older,433,Correct,7
ID151,NEG,Older,98,Correct,8
ID151,NEG,Older,547,Correct,9
ID151,NEG,Older,695,Correct,10
ID151,NEG,Older,642,Correct,11
ID151,NEG,Older,491,Correct,12
ID151,NEG,Older,598,Correct,13
ID151,NEG,Older,233,Correct,14
ID151,NEG,Older,353,Correct,15
ID151,NEG,Older,763,Incorrect,16
ID151,NEG,Older,462,Correct,17
ID151,NEG,Older,399,Correct,18
ID151,NEG,Older,632,Correct,19
ID151,NEG,Older,473,Correct,20
ID151,NEG,Older,507,Correct,21
ID151,NEG,Older,460,Correct,22
ID151,NEG,Older,1210,Correct,23
ID151,NEG,Older,675,Correct,24
ID151,NEG,Older,812,Correct,25
ID151,NEG,Older,542,Correct,26
ID151,NEG,Older,788,Correct,27
ID151,NEG,Older,1279,Correct,28
ID151,NEG,Older,854,Correct,29
ID151,NEG,Older,608,Correct,30
ID151,NEG,Older,370,Correct,31
ID151,NEG,Older,81,Correct,32
ID151,NEG,Older,869,Correct,33
ID151,NEG,Older,614,Correct,34
ID151,NEG,Older,450,Correct,35
ID151,NEG,Older,563,Incorrect,36
ID151,NEG,Older,636,Correct,37
ID151,NEG,Older,308,Correct,38
ID151,NEG,Older,306,Correct,39
ID151,NEG,Older,979,Incorrect,40
ID151,NEG,Older,744,Correct,41
ID151,NEG,Older,493,Correct,42
ID151,NEG,Older,698,Correct,43
ID151,NEG,Older,367,Correct,44
ID151,NEG,Older,844,Correct,45
ID151,NEG,Older,881,Correct,46
ID151,NEG,Older,309,Correct,47
ID151,NEG,Older,514,Correct,48
ID151,NEG,Older,996,Correct,49
