ID,COND,AGE,RT,ACC,TRIAL
ID166,POS,Younger,450,Correct,0
ID166,POS,Younger,272,Correct,1
ID166,POS,Younger,221,Correct,2
ID166,POS,Younger,286,Correct,3
ID166,POS,Younger,288,Correct,4
ID166,POS,Younger,85,Correct,5
ID166,POS,Younger,323,Correct,6
ID166,POS,Younger,285,Correct,7
ID166,POS,Younger,189,Correct,8
ID166,POS,Younger,207,Correct,9
ID166,POS,Younger,383,Correct,10
ID166,POS,Younger,336,Correct,11
ID166,POS,Younger,414,Correct,12
ID166,POS,Younger,202,Correct,13
ID166,POS,Younger,359,Correct,14
ID166,POS,Younger,532,Correct,15
ID166,POS,Younger,525,Correct,16
ID166,POS,Younger,239,Correct,17
ID166,POS,Younger,364,Correct,18
ID166,POS,Younger,333,Correct,19
ID166,POS,Younger,412,Correct,20
ID166,POS,Younger,269,Correct,21
ID166,POS,Younger,353,Correct,22
ID166,POS,Younger,431,Correct,23
ID166,POS,Younger,268,Correct,24
ID166,POS,Younger,296,Correct,25
ID166,POS,Younger,150,Incorrect,26
ID166,POS,Younger,473,Correct,27
ID166,POS,Younger,336,Incorrect,28
ID166,POS,Younger,317,Correct,29
ID166,POS,Younger,424,Correct,30
ID166,POS,Younger,428,Correct,31
ID166,POS,Younger,230,Correct,32
ID166,POS,Younger,473,Correct,33
ID166,POS,Younger,321,Correct,34
ID166,POS,Younger,418,Correct,35
ID166,POS,Younger,256,Correct,36
ID166,POS,Younger,272,Correct,37
ID166,POS,Younger,575,Correct,38
ID166,POS,Younger,298,Correct,39
ID166,POS,Younger,321,Correct,40
ID166,POS,Younger,424,Correct,41
ID166,POS,Younger,310,Correct,42
ID166,POS,Younger,475,Correct,43
ID166,POS,Younger,477,Correct,44
ID166,POS,Younger,314,Correct,45
ID166,POS,Younger,81,Correct,46
ID166,POS,Younger,392,Correct,47
ID166,POS,Younger,420,Correct,48
