ID,COND,AGE,RT,ACC,TRIAL
ID106,NEG,Younger,522,Correct,0
ID106,NEG,Younger,294,Correct,1
ID106,NEG,Younger,534,Correct,2
ID106,NEG,Younger,462,Correct,3
ID106,NEG,Younger,143,Correct,4
ID106,NEG,Younger,562,Correct,5
ID106,NEG,Younger,333,Incorrect,6
ID106,NEG,Younger,316,Correct,7
ID106,NEG,Younger,321,Correct,8
ID106,NEG,Younger,685,Correct,9
ID106,NEG,Younger,531,Correct,10
ID106,NEG,Younger,390,Correct,11
ID106,NEG,Younger,764,Correct,12
ID106,NEG,Younger,449,Correct,13
ID106,NEG,Younger,595,Correct,14
ID106,NEG,Younger,572,Correct,15
ID106,NEG,Younger,326,Correct,16
ID106,NEG,Younger,335,Correct,17
ID106,NEG,Younger,1076,Correct,18
ID106,NEG,Younger,764,Incorrect,19
ID106,NEG,Younger,579,Correct,20
ID106,NEG,Younger,561,Correct,21
ID106,NEG,Younger,348,Correct,22
ID106,NEG,Younger,490,Correct,23
ID106,NEG,Younger,610,Correct,24
ID106,NEG,Younger,912,Correct,25
ID106,NEG,Younger,631,Correct,26
ID106,NEG,Younger,521,Incorrect,27
ID106,NEG,Younger,296,Correct,28
ID106,NEG,Younger,635,Correct,29
ID106,NEG,Younger,496,Correct,30
ID106,NEG,Younger,53,Correct,31
ID106,NEG,Younger,453,Correct,32
ID106,NEG,Younger,471,Correct,33
ID106,NEG,Younger,747,Correct,34
ID106,NEG,Younger,652,Correct,35
ID106,NEG,Younger,410,Correct,36
ID106,NEG,Younger,195,Correct,37
ID106,NEG,Younger,846,Correct,38
ID106,NEG,Younger,790,Correct,39
ID106,NEG,Younger,349,Correct,40
ID106,NEG,Younger,274,Correct,41
ID106,NEG,Younger,585,Correct,42
ID106,NEG,Younger,894,Correct,43
ID106,NEG,Younger,524,Correct,44
ID106,NEG,Younger,483,Correct,45
ID106,NEG,Younger,482,Correct,46
ID106,NEG,Younger,503,Correct,47
ID106,NEG,Younger,781,Correct,48
