CONDITION,TASKTYPE,DIFFICULTY,TRIAL,RT,STIMCOLOR,ACCURACY
Cond2,choicetask,Easy,1,1752,Green,CORRECT
Cond2,choicetask,Easy,2,1452,Blue,CORRECT
Cond2,choicetask,Easy,3,1435,Red,CORRECT
Cond2,choicetask,Easy,4,1485,Yellow,CORRECT
Cond2,choicetask,Easy,5,1368,Red,CORRECT
Cond2,choicetask,Easy,6,1402,Green,CORRECT
Cond2,choicetask,Easy,7,1754,Red,CORRECT
Cond2,choicetask,Easy,8,1719,Green,CORRECT
Cond2,choicetask,Easy,9,1403,Yellow,CORRECT
Cond2,choicetask,Easy,10,1586,Blue,CORRECT
Cond2,choicetask,Easy,11,1485,Red,CORRECT
Cond2,choicetask,Easy,12,1552,Yellow,CORRECT
Cond2,choicetask,Easy,13,1636,Blue,CORRECT
Cond2,choicetask,Easy,14,1436,Green,CORRECT
Cond2,choicetask,Easy,15,1586,Yellow,CORRECT
Cond2,choicetask,Easy,16,1435,Blue,CORRECT
Cond2,choicetask,Easy,17,1486,Yellow,CORRECT
Cond2,choicetask,Easy,18,1536,Blue,CORRECT
Cond2,choicetask,Easy,19,1687,Yellow,CORRECT
Cond2,choicetask,Easy,20,1435,Red,CORRECT
Cond2,choicetask,Easy,21,1570,Yellow,CORRECT
Cond2,choicetask,Easy,22,1569,Red,CORRECT
Cond2,choicetask,Easy,23,1502,Blue,CORRECT
Cond2,choicetask,Easy,24,1535,Yellow,CORRECT
Cond2,choicetask,Easy,25,1369,Green,CORRECT
Cond2,choicetask,Easy,26,1435,Red,CORRECT
Cond2,choicetask,Easy,27,1385,Blue,CORRECT
Cond2,choicetask,Easy,28,1402,Red,CORRECT
Cond2,choicetask,Easy,29,1585,Yellow,CORRECT
Cond2,choicetask,Easy,30,1469,Red,CORRECT
