CONDITION,TASKTYPE,DIFFICULTY,TRIAL,RT,STIMCOLOR,ACCURACY
Cond1,choicetask,Easy,1,1604,Yellow,CORRECT
Cond1,choicetask,Easy,2,1404,Red,CORRECT
Cond1,choicetask,Easy,3,1622,Yellow,CORRECT
Cond1,choicetask,Easy,4,1503,Blue,CORRECT
Cond1,choicetask,Easy,5,1486,Yellow,CORRECT
Cond1,choicetask,Easy,6,1486,Red,CORRECT
Cond1,choicetask,Easy,7,1469,Blue,CORRECT
Cond1,choicetask,Easy,8,1721,Red,CORRECT
Cond1,choicetask,Easy,9,1604,Yellow,CORRECT
Cond1,choicetask,Easy,10,1453,Green,CORRECT
Cond1,choicetask,Easy,11,1419,Red,CORRECT
Cond1,choicetask,Easy,12,1804,Blue,CORRECT
Cond1,choicetask,Easy,13,1570,Yellow,CORRECT
Cond1,choicetask,Easy,14,1996,Blue,CORRECT
Cond1,choicetask,Easy,15,1571,Yellow,CORRECT
Cond1,choicetask,Easy,16,1452,Red,CORRECT
Cond1,choicetask,Easy,17,1596,Blue,CORRECT
Cond1,choicetask,Easy,18,1536,Yellow,CORRECT
Cond1,choicetask,Easy,19,1572,Green,CORRECT
Cond1,choicetask,Easy,20,1600,Yellow,CORRECT
Cond1,choicetask,Easy,21,1587,Blue,CORRECT
Cond1,choicetask,Easy,22,1520,Green,CORRECT
Cond1,choicetask,Easy,23,1537,Yellow,CORRECT
Cond1,choicetask,Easy,24,1687,Green,CORRECT
Cond1,choicetask,Easy,25,1620,Yellow,CORRECT
Cond1,choicetask,Easy,26,1516,Red,CORRECT
Cond1,choicetask,Easy,27,1704,Blue,CORRECT
Cond1,choicetask,Easy,28,1538,Yellow,CORRECT
Cond1,choicetask,Easy,29,1696,Blue,CORRECT
Cond1,choicetask,Easy,30,1636,Green,CORRECT
