CONDITION,TASKTYPE,DIFFICULTY,TRIAL,RT,STIMCOLOR,ACCURACY
Cond2,choicetask,Easy,1,1418,Yellow,CORRECT
Cond2,choicetask,Easy,2,1419,Green,CORRECT
Cond2,choicetask,Easy,3,1568,Red,CORRECT
Cond2,choicetask,Easy,4,1503,Blue,CORRECT
Cond2,choicetask,Easy,5,1518,Yellow,CORRECT
Cond2,choicetask,Easy,6,1619,Blue,CORRECT
Cond2,choicetask,Easy,7,1569,Yellow,CORRECT
Cond2,choicetask,Easy,8,1418,Red,CORRECT
Cond2,choicetask,Easy,9,1536,Green,CORRECT
Cond2,choicetask,Easy,10,1501,Red,CORRECT
Cond2,choicetask,Easy,11,1586,Blue,CORRECT
Cond2,choicetask,Easy,12,1569,Green,CORRECT
Cond2,choicetask,Easy,13,1469,Red,CORRECT
Cond2,choicetask,Easy,14,1418,Blue,CORRECT
Cond2,choicetask,Easy,15,1385,Green,CORRECT
Cond2,choicetask,Easy,16,1468,Blue,CORRECT
Cond2,choicetask,Easy,17,1401,Red,INCORRECT
Cond2,choicetask,Easy,18,1552,Yellow,CORRECT
Cond2,choicetask,Easy,19,1686,Green,INCORRECT
Cond2,choicetask,Easy,20,1770,Blue,CORRECT
Cond2,choicetask,Easy,21,1569,Red,CORRECT
Cond2,choicetask,Easy,22,1485,Yellow,CORRECT
Cond2,choicetask,Easy,23,1503,Red,CORRECT
Cond2,choicetask,Easy,24,1653,Green,INCORRECT
Cond2,choicetask,Easy,25,1436,Blue,CORRECT
Cond2,choicetask,Easy,26,1502,Yellow,CORRECT
Cond2,choicetask,Easy,27,1352,Red,CORRECT
Cond2,choicetask,Easy,28,1435,Yellow,CORRECT
Cond2,choicetask,Easy,29,1368,Red,CORRECT
Cond2,choicetask,Easy,30,1535,Blue,INCORRECT
