CONDITION,TASKTYPE,DIFFICULTY,TRIAL,RT,STIMCOLOR,ACCURACY
Cond1,choicetask,Easy,1,1536,Yellow,CORRECT
Cond1,choicetask,Easy,2,1486,Red,CORRECT
Cond1,choicetask,Easy,3,1519,Yellow,CORRECT
Cond1,choicetask,Easy,4,1468,Red,CORRECT
Cond1,choicetask,Easy,5,1385,Blue,CORRECT
Cond1,choicetask,Easy,6,1385,Green,CORRECT
Cond1,choicetask,Easy,7,1351,Yellow,CORRECT
Cond1,choicetask,Easy,8,1536,Green,CORRECT
Cond1,choicetask,Easy,9,1552,Red,CORRECT
Cond1,choicetask,Easy,10,1468,Blue,INCORRECT
Cond1,choicetask,Easy,11,1485,Green,CORRECT
Cond1,choicetask,Easy,12,1569,Blue,CORRECT
Cond1,choicetask,Easy,13,1352,Red,CORRECT
Cond1,choicetask,Easy,14,1469,Yellow,CORRECT
Cond1,choicetask,Easy,15,1419,Blue,CORRECT
Cond1,choicetask,Easy,16,1369,Green,CORRECT
Cond1,choicetask,Easy,17,1434,Yellow,CORRECT
Cond1,choicetask,Easy,18,1385,Red,CORRECT
Cond1,choicetask,Easy,19,1367,Green,CORRECT
Cond1,choicetask,Easy,20,1352,Blue,CORRECT
Cond1,choicetask,Easy,21,1402,Yellow,CORRECT
Cond1,choicetask,Easy,22,1519,Blue,CORRECT
Cond1,choicetask,Easy,23,1502,Red,CORRECT
Cond1,choicetask,Easy,24,1353,Green,CORRECT
Cond1,choicetask,Easy,25,1469,Red,CORRECT
Cond1,choicetask,Easy,26,1419,Yellow,CORRECT
Cond1,choicetask,Easy,27,1519,Red,CORRECT
Cond1,choicetask,Easy,28,1469,Blue,CORRECT
Cond1,choicetask,Easy,29,1401,Yellow,CORRECT
Cond1,choicetask,Easy,30,1435,Red,CORRECT
